-- MySQL dump 10.13  Distrib 9.5.0, for macos26.1 (arm64)
--
-- Host: localhost    Database: technorics
-- ------------------------------------------------------
-- Server version	9.5.0

/*!40101 SET @OLD_CHARACTER_SET_CLIENT=@@CHARACTER_SET_CLIENT */;
/*!40101 SET @OLD_CHARACTER_SET_RESULTS=@@CHARACTER_SET_RESULTS */;
/*!40101 SET @OLD_COLLATION_CONNECTION=@@COLLATION_CONNECTION */;
/*!50503 SET NAMES utf8mb4 */;
/*!40103 SET @OLD_TIME_ZONE=@@TIME_ZONE */;
/*!40103 SET TIME_ZONE='+00:00' */;
/*!40014 SET @OLD_UNIQUE_CHECKS=@@UNIQUE_CHECKS, UNIQUE_CHECKS=0 */;
/*!40014 SET @OLD_FOREIGN_KEY_CHECKS=@@FOREIGN_KEY_CHECKS, FOREIGN_KEY_CHECKS=0 */;
/*!40101 SET @OLD_SQL_MODE=@@SQL_MODE, SQL_MODE='NO_AUTO_VALUE_ON_ZERO' */;
/*!40111 SET @OLD_SQL_NOTES=@@SQL_NOTES, SQL_NOTES=0 */;
SET @MYSQLDUMP_TEMP_LOG_BIN = @@SESSION.SQL_LOG_BIN;
SET @@SESSION.SQL_LOG_BIN= 0;

--
-- GTID state at the beginning of the backup 
--

SET @@GLOBAL.GTID_PURGED=/*!80000 '+'*/ '70c397b4-87dd-11f0-a43b-c90fec768742:1-1094';

--
-- Table structure for table `cache`
--

DROP TABLE IF EXISTS `cache`;
/*!40101 SET @saved_cs_client     = @@character_set_client */;
/*!50503 SET character_set_client = utf8mb4 */;
CREATE TABLE `cache` (
  `key` varchar(255) COLLATE utf8mb4_unicode_ci NOT NULL,
  `value` mediumtext COLLATE utf8mb4_unicode_ci NOT NULL,
  `expiration` int NOT NULL,
  PRIMARY KEY (`key`)
) ENGINE=InnoDB DEFAULT CHARSET=utf8mb4 COLLATE=utf8mb4_unicode_ci;
/*!40101 SET character_set_client = @saved_cs_client */;

--
-- Dumping data for table `cache`
--

LOCK TABLES `cache` WRITE;
/*!40000 ALTER TABLE `cache` DISABLE KEYS */;
/*!40000 ALTER TABLE `cache` ENABLE KEYS */;
UNLOCK TABLES;

--
-- Table structure for table `cache_locks`
--

DROP TABLE IF EXISTS `cache_locks`;
/*!40101 SET @saved_cs_client     = @@character_set_client */;
/*!50503 SET character_set_client = utf8mb4 */;
CREATE TABLE `cache_locks` (
  `key` varchar(255) COLLATE utf8mb4_unicode_ci NOT NULL,
  `owner` varchar(255) COLLATE utf8mb4_unicode_ci NOT NULL,
  `expiration` int NOT NULL,
  PRIMARY KEY (`key`)
) ENGINE=InnoDB DEFAULT CHARSET=utf8mb4 COLLATE=utf8mb4_unicode_ci;
/*!40101 SET character_set_client = @saved_cs_client */;

--
-- Dumping data for table `cache_locks`
--

LOCK TABLES `cache_locks` WRITE;
/*!40000 ALTER TABLE `cache_locks` DISABLE KEYS */;
/*!40000 ALTER TABLE `cache_locks` ENABLE KEYS */;
UNLOCK TABLES;

--
-- Table structure for table `cart_items`
--

DROP TABLE IF EXISTS `cart_items`;
/*!40101 SET @saved_cs_client     = @@character_set_client */;
/*!50503 SET character_set_client = utf8mb4 */;
CREATE TABLE `cart_items` (
  `id` bigint unsigned NOT NULL AUTO_INCREMENT,
  `user_id` bigint unsigned DEFAULT NULL,
  `session_id` varchar(255) COLLATE utf8mb4_unicode_ci DEFAULT NULL,
  `product_id` bigint unsigned NOT NULL,
  `quantity` int NOT NULL DEFAULT '1',
  `price` decimal(10,2) NOT NULL,
  `created_at` timestamp NULL DEFAULT NULL,
  `updated_at` timestamp NULL DEFAULT NULL,
  PRIMARY KEY (`id`),
  KEY `cart_items_user_id_foreign` (`user_id`),
  KEY `cart_items_product_id_foreign` (`product_id`),
  CONSTRAINT `cart_items_product_id_foreign` FOREIGN KEY (`product_id`) REFERENCES `products` (`id`) ON DELETE CASCADE,
  CONSTRAINT `cart_items_user_id_foreign` FOREIGN KEY (`user_id`) REFERENCES `users` (`id`) ON DELETE CASCADE
) ENGINE=InnoDB AUTO_INCREMENT=81 DEFAULT CHARSET=utf8mb4 COLLATE=utf8mb4_unicode_ci;
/*!40101 SET character_set_client = @saved_cs_client */;

--
-- Dumping data for table `cart_items`
--

LOCK TABLES `cart_items` WRITE;
/*!40000 ALTER TABLE `cart_items` DISABLE KEYS */;
INSERT INTO `cart_items` VALUES (3,3,NULL,2,1,1899.99,'2025-11-26 07:09:23','2025-11-26 07:09:23'),(4,3,NULL,1,1,1099.99,'2025-11-26 07:09:25','2025-11-26 07:09:25'),(7,NULL,'zUR2Wcuzen7eeEGjtBFgECxfVd35tRjgyhPcYFC3',1,2,1099.99,'2025-11-26 11:14:13','2025-11-26 11:14:16'),(20,NULL,'6lP0tgRsLyIP6ZTrBThWL3zXKixJVkJBtEZjIPd5',40,1,129.99,'2025-11-27 11:53:28','2025-11-27 11:53:28'),(21,NULL,'YTCcRUTnucFvn3pOv3WuKYdFjnesu4cBdC2ZHaHF',152,1,1200.00,'2025-12-09 07:12:08','2025-12-09 07:12:08'),(22,NULL,'JtyAXBoJtoJFNQvwYU8hCjYNQJXQ0Khq9pRIGNYH',1,1,1099.99,'2025-12-16 07:16:50','2025-12-16 07:16:50'),(44,NULL,'gbbVMV31IQhI3oHY1hHSyuwQT9lImjjmbWODkEb0',70,1,389.99,'2026-05-18 08:07:44','2026-05-18 08:07:44'),(45,NULL,'gbbVMV31IQhI3oHY1hHSyuwQT9lImjjmbWODkEb0',146,1,89.99,'2026-05-18 08:07:44','2026-05-18 08:07:44'),(46,NULL,'gbbVMV31IQhI3oHY1hHSyuwQT9lImjjmbWODkEb0',98,1,589.99,'2026-05-18 08:07:44','2026-05-18 08:07:44'),(47,NULL,'gbbVMV31IQhI3oHY1hHSyuwQT9lImjjmbWODkEb0',108,1,159.99,'2026-05-18 08:07:44','2026-05-18 08:07:44'),(48,NULL,'gbbVMV31IQhI3oHY1hHSyuwQT9lImjjmbWODkEb0',85,1,1199.99,'2026-05-18 08:07:44','2026-05-18 08:07:44'),(49,NULL,'gbbVMV31IQhI3oHY1hHSyuwQT9lImjjmbWODkEb0',118,1,179.99,'2026-05-18 08:07:44','2026-05-18 08:07:44'),(50,NULL,'gbbVMV31IQhI3oHY1hHSyuwQT9lImjjmbWODkEb0',128,1,134.99,'2026-05-18 08:07:44','2026-05-18 08:07:44'),(67,NULL,'iAXeKsYq2OJJ3x3SKDIWlooclqGyBwTHqmqGkEaN',70,1,389.99,'2026-05-19 06:05:49','2026-05-19 06:05:49'),(68,NULL,'iAXeKsYq2OJJ3x3SKDIWlooclqGyBwTHqmqGkEaN',85,1,1199.99,'2026-05-19 06:05:49','2026-05-19 06:05:49'),(69,NULL,'iAXeKsYq2OJJ3x3SKDIWlooclqGyBwTHqmqGkEaN',108,1,159.99,'2026-05-19 06:05:49','2026-05-19 06:05:49'),(70,NULL,'iAXeKsYq2OJJ3x3SKDIWlooclqGyBwTHqmqGkEaN',118,1,179.99,'2026-05-19 06:05:49','2026-05-19 06:05:49'),(71,NULL,'iAXeKsYq2OJJ3x3SKDIWlooclqGyBwTHqmqGkEaN',128,1,134.99,'2026-05-19 06:05:49','2026-05-19 06:05:49');
/*!40000 ALTER TABLE `cart_items` ENABLE KEYS */;
UNLOCK TABLES;

--
-- Table structure for table `categories`
--

DROP TABLE IF EXISTS `categories`;
/*!40101 SET @saved_cs_client     = @@character_set_client */;
/*!50503 SET character_set_client = utf8mb4 */;
CREATE TABLE `categories` (
  `id` bigint unsigned NOT NULL AUTO_INCREMENT,
  `name` varchar(255) COLLATE utf8mb4_unicode_ci NOT NULL,
  `slug` varchar(255) COLLATE utf8mb4_unicode_ci NOT NULL,
  `description` text COLLATE utf8mb4_unicode_ci,
  `image` varchar(255) COLLATE utf8mb4_unicode_ci DEFAULT NULL,
  `created_at` timestamp NULL DEFAULT NULL,
  `updated_at` timestamp NULL DEFAULT NULL,
  PRIMARY KEY (`id`),
  UNIQUE KEY `categories_slug_unique` (`slug`)
) ENGINE=InnoDB AUTO_INCREMENT=15 DEFAULT CHARSET=utf8mb4 COLLATE=utf8mb4_unicode_ci;
/*!40101 SET character_set_client = @saved_cs_client */;

--
-- Dumping data for table `categories`
--

LOCK TABLES `categories` WRITE;
/*!40000 ALTER TABLE `categories` DISABLE KEYS */;
INSERT INTO `categories` VALUES (1,'Laptops','laptops','High-performance laptops for gaming, work, and entertainment','https://images.unsplash.com/photo-1496181133206-80ce9b88a853?w=400','2025-11-25 11:41:58','2025-11-25 11:41:58'),(2,'Keyboards','keyboards','Mechanical and gaming keyboards for every typing style','https://images.unsplash.com/photo-1587829741301-dc798b83add3?w=400','2025-11-25 11:41:58','2025-11-25 11:41:58'),(3,'Mice','mice','Precision gaming mice and ergonomic designs','https://images.unsplash.com/photo-1527814050087-3793815479db?w=400','2025-11-25 11:41:58','2025-11-25 11:41:58'),(4,'Headsets','headsets','Gaming headsets with immersive sound quality','https://images.unsplash.com/photo-1484704849700-f032a568e944?w=400','2025-11-25 11:41:58','2025-11-25 11:41:58'),(5,'Monitors','monitors','High-refresh gaming monitors and professional displays','https://images.unsplash.com/photo-1527443224154-c4a3942d3acf?w=400','2025-11-25 11:41:58','2025-11-25 11:41:58'),(6,'Chairs','chairs','Ergonomic gaming and office chairs for comfort','https://images.unsplash.com/photo-1580480055273-228ff5388ef8?w=400','2025-11-25 11:41:58','2025-11-25 11:41:58'),(7,'CPUs (Processors)','cpus','Intel and AMD processors for building your dream PC','https://images.unsplash.com/photo-1555617981-dac3880eac6e?w=400','2025-11-25 11:41:58','2025-11-25 11:41:58'),(8,'Graphics Cards (GPUs)','gpus','NVIDIA and AMD graphics cards for gaming and rendering','https://images.unsplash.com/photo-1591488320449-011701bb6704?w=400','2025-11-25 11:41:58','2025-11-25 11:41:58'),(9,'Motherboards','motherboards','ATX, Micro-ATX, and Mini-ITX motherboards','https://images.unsplash.com/photo-1558494949-ef010cbdcc31?w=400','2025-11-25 11:41:58','2025-11-25 11:41:58'),(10,'RAM (Memory)','ram','DDR4 and DDR5 memory for smooth multitasking','https://images.unsplash.com/photo-1541029071515-84cc54f84dc5?w=400','2025-11-25 11:41:58','2025-11-25 11:41:58'),(11,'Storage (SSD/HDD)','storage','Fast SSDs and high-capacity HDDs','https://images.unsplash.com/photo-1597872200969-2b65d56bd16b?w=400','2025-11-25 11:41:58','2025-11-25 11:41:58'),(12,'Power Supplies (PSUs)','psus','Reliable power supplies for stable PC performance','https://images.unsplash.com/photo-1558618666-fcd25c85cd64?w=400','2025-11-25 11:41:58','2025-11-25 11:41:58'),(13,'PC Cases','cases','Stylish cases with excellent airflow','https://images.unsplash.com/photo-1587202372634-32705e3bf49c?w=400','2025-11-25 11:41:58','2025-11-25 11:41:58'),(14,'Cooling Systems','cooling','Air and liquid cooling solutions','https://images.unsplash.com/photo-1591799264318-7e6ef8ddb7ea?w=400','2025-11-25 11:41:58','2025-11-25 11:41:58');
/*!40000 ALTER TABLE `categories` ENABLE KEYS */;
UNLOCK TABLES;

--
-- Table structure for table `comparisons`
--

DROP TABLE IF EXISTS `comparisons`;
/*!40101 SET @saved_cs_client     = @@character_set_client */;
/*!50503 SET character_set_client = utf8mb4 */;
CREATE TABLE `comparisons` (
  `id` bigint unsigned NOT NULL AUTO_INCREMENT,
  `user_id` bigint unsigned DEFAULT NULL,
  `session_id` varchar(255) COLLATE utf8mb4_unicode_ci DEFAULT NULL,
  `product_id` bigint unsigned NOT NULL,
  `created_at` timestamp NULL DEFAULT NULL,
  `updated_at` timestamp NULL DEFAULT NULL,
  PRIMARY KEY (`id`),
  KEY `comparisons_product_id_foreign` (`product_id`),
  KEY `comparisons_user_id_product_id_index` (`user_id`,`product_id`),
  KEY `comparisons_session_id_product_id_index` (`session_id`,`product_id`),
  CONSTRAINT `comparisons_product_id_foreign` FOREIGN KEY (`product_id`) REFERENCES `products` (`id`) ON DELETE CASCADE,
  CONSTRAINT `comparisons_user_id_foreign` FOREIGN KEY (`user_id`) REFERENCES `users` (`id`) ON DELETE CASCADE
) ENGINE=InnoDB AUTO_INCREMENT=13 DEFAULT CHARSET=utf8mb4 COLLATE=utf8mb4_unicode_ci;
/*!40101 SET character_set_client = @saved_cs_client */;

--
-- Dumping data for table `comparisons`
--

LOCK TABLES `comparisons` WRITE;
/*!40000 ALTER TABLE `comparisons` DISABLE KEYS */;
INSERT INTO `comparisons` VALUES (1,NULL,'9gLuGA7e2xjWJBafW1c6S1Mv0nUpTl123VG5BAwy',4,'2025-11-25 12:46:38','2025-11-25 12:46:38'),(2,NULL,'9gLuGA7e2xjWJBafW1c6S1Mv0nUpTl123VG5BAwy',2,'2025-11-25 12:46:48','2025-11-25 12:46:48'),(9,NULL,'rIToxzViJLuwqaeAtJh8cLdwTTYCep7V7S3FTTjc',152,'2025-12-08 11:45:09','2025-12-08 11:45:09'),(10,NULL,'rIToxzViJLuwqaeAtJh8cLdwTTYCep7V7S3FTTjc',1,'2025-12-08 11:45:47','2025-12-08 11:45:47'),(11,1,'c0RtchAPY7VP5Nceih7Lt4fnRLFkIZG1BYNPNNaE',152,'2026-04-29 10:25:06','2026-04-29 10:25:06'),(12,1,'rdbPI7wLop8DvAEJ8QfHBOP7rRfBtpNtcS1KBwyb',1,'2026-04-29 10:36:36','2026-04-29 10:36:36');
/*!40000 ALTER TABLE `comparisons` ENABLE KEYS */;
UNLOCK TABLES;

--
-- Table structure for table `failed_jobs`
--

DROP TABLE IF EXISTS `failed_jobs`;
/*!40101 SET @saved_cs_client     = @@character_set_client */;
/*!50503 SET character_set_client = utf8mb4 */;
CREATE TABLE `failed_jobs` (
  `id` bigint unsigned NOT NULL AUTO_INCREMENT,
  `uuid` varchar(255) COLLATE utf8mb4_unicode_ci NOT NULL,
  `connection` text COLLATE utf8mb4_unicode_ci NOT NULL,
  `queue` text COLLATE utf8mb4_unicode_ci NOT NULL,
  `payload` longtext COLLATE utf8mb4_unicode_ci NOT NULL,
  `exception` longtext COLLATE utf8mb4_unicode_ci NOT NULL,
  `failed_at` timestamp NOT NULL DEFAULT CURRENT_TIMESTAMP,
  PRIMARY KEY (`id`),
  UNIQUE KEY `failed_jobs_uuid_unique` (`uuid`)
) ENGINE=InnoDB DEFAULT CHARSET=utf8mb4 COLLATE=utf8mb4_unicode_ci;
/*!40101 SET character_set_client = @saved_cs_client */;

--
-- Dumping data for table `failed_jobs`
--

LOCK TABLES `failed_jobs` WRITE;
/*!40000 ALTER TABLE `failed_jobs` DISABLE KEYS */;
/*!40000 ALTER TABLE `failed_jobs` ENABLE KEYS */;
UNLOCK TABLES;

--
-- Table structure for table `job_batches`
--

DROP TABLE IF EXISTS `job_batches`;
/*!40101 SET @saved_cs_client     = @@character_set_client */;
/*!50503 SET character_set_client = utf8mb4 */;
CREATE TABLE `job_batches` (
  `id` varchar(255) COLLATE utf8mb4_unicode_ci NOT NULL,
  `name` varchar(255) COLLATE utf8mb4_unicode_ci NOT NULL,
  `total_jobs` int NOT NULL,
  `pending_jobs` int NOT NULL,
  `failed_jobs` int NOT NULL,
  `failed_job_ids` longtext COLLATE utf8mb4_unicode_ci NOT NULL,
  `options` mediumtext COLLATE utf8mb4_unicode_ci,
  `cancelled_at` int DEFAULT NULL,
  `created_at` int NOT NULL,
  `finished_at` int DEFAULT NULL,
  PRIMARY KEY (`id`)
) ENGINE=InnoDB DEFAULT CHARSET=utf8mb4 COLLATE=utf8mb4_unicode_ci;
/*!40101 SET character_set_client = @saved_cs_client */;

--
-- Dumping data for table `job_batches`
--

LOCK TABLES `job_batches` WRITE;
/*!40000 ALTER TABLE `job_batches` DISABLE KEYS */;
/*!40000 ALTER TABLE `job_batches` ENABLE KEYS */;
UNLOCK TABLES;

--
-- Table structure for table `jobs`
--

DROP TABLE IF EXISTS `jobs`;
/*!40101 SET @saved_cs_client     = @@character_set_client */;
/*!50503 SET character_set_client = utf8mb4 */;
CREATE TABLE `jobs` (
  `id` bigint unsigned NOT NULL AUTO_INCREMENT,
  `queue` varchar(255) COLLATE utf8mb4_unicode_ci NOT NULL,
  `payload` longtext COLLATE utf8mb4_unicode_ci NOT NULL,
  `attempts` tinyint unsigned NOT NULL,
  `reserved_at` int unsigned DEFAULT NULL,
  `available_at` int unsigned NOT NULL,
  `created_at` int unsigned NOT NULL,
  PRIMARY KEY (`id`),
  KEY `jobs_queue_index` (`queue`)
) ENGINE=InnoDB DEFAULT CHARSET=utf8mb4 COLLATE=utf8mb4_unicode_ci;
/*!40101 SET character_set_client = @saved_cs_client */;

--
-- Dumping data for table `jobs`
--

LOCK TABLES `jobs` WRITE;
/*!40000 ALTER TABLE `jobs` DISABLE KEYS */;
/*!40000 ALTER TABLE `jobs` ENABLE KEYS */;
UNLOCK TABLES;

--
-- Table structure for table `migrations`
--

DROP TABLE IF EXISTS `migrations`;
/*!40101 SET @saved_cs_client     = @@character_set_client */;
/*!50503 SET character_set_client = utf8mb4 */;
CREATE TABLE `migrations` (
  `id` int unsigned NOT NULL AUTO_INCREMENT,
  `migration` varchar(255) COLLATE utf8mb4_unicode_ci NOT NULL,
  `batch` int NOT NULL,
  PRIMARY KEY (`id`)
) ENGINE=InnoDB AUTO_INCREMENT=12 DEFAULT CHARSET=utf8mb4 COLLATE=utf8mb4_unicode_ci;
/*!40101 SET character_set_client = @saved_cs_client */;

--
-- Dumping data for table `migrations`
--

LOCK TABLES `migrations` WRITE;
/*!40000 ALTER TABLE `migrations` DISABLE KEYS */;
INSERT INTO `migrations` VALUES (1,'0001_01_01_000000_create_users_table',1),(2,'0001_01_01_000001_create_cache_table',1),(3,'0001_01_01_000002_create_jobs_table',1),(4,'2024_01_01_000001_create_products_table',1),(5,'2024_01_01_000002_create_cart_orders_table',1),(6,'2024_01_01_000003_create_wishlist_table',1),(8,'2025_11_26_084253_create_reviews_table',2),(9,'2025_11_27_113400_create_reviews_table_final',3),(10,'2025_11_27_122914_add_is_admin_to_users_table',4),(11,'2026_05_18_112013_add_payment_intent_id_to_orders_table',5);
/*!40000 ALTER TABLE `migrations` ENABLE KEYS */;
UNLOCK TABLES;

--
-- Table structure for table `order_items`
--

DROP TABLE IF EXISTS `order_items`;
/*!40101 SET @saved_cs_client     = @@character_set_client */;
/*!50503 SET character_set_client = utf8mb4 */;
CREATE TABLE `order_items` (
  `id` bigint unsigned NOT NULL AUTO_INCREMENT,
  `order_id` bigint unsigned NOT NULL,
  `product_id` bigint unsigned NOT NULL,
  `quantity` int NOT NULL,
  `price` decimal(10,2) NOT NULL,
  `total` decimal(10,2) NOT NULL,
  `created_at` timestamp NULL DEFAULT NULL,
  `updated_at` timestamp NULL DEFAULT NULL,
  PRIMARY KEY (`id`),
  KEY `order_items_order_id_foreign` (`order_id`),
  KEY `order_items_product_id_foreign` (`product_id`),
  CONSTRAINT `order_items_order_id_foreign` FOREIGN KEY (`order_id`) REFERENCES `orders` (`id`) ON DELETE CASCADE,
  CONSTRAINT `order_items_product_id_foreign` FOREIGN KEY (`product_id`) REFERENCES `products` (`id`)
) ENGINE=InnoDB AUTO_INCREMENT=23 DEFAULT CHARSET=utf8mb4 COLLATE=utf8mb4_unicode_ci;
/*!40101 SET character_set_client = @saved_cs_client */;

--
-- Dumping data for table `order_items`
--

LOCK TABLES `order_items` WRITE;
/*!40000 ALTER TABLE `order_items` DISABLE KEYS */;
INSERT INTO `order_items` VALUES (1,1,1,1,1099.99,1099.99,'2025-11-25 11:55:56','2025-11-25 11:55:56'),(2,2,1,1,1099.99,1099.99,'2025-11-25 14:23:55','2025-11-25 14:23:55'),(3,3,1,1,1099.99,1099.99,'2025-11-26 11:54:33','2025-11-26 11:54:33'),(4,3,40,1,129.99,129.99,'2025-11-26 11:54:33','2025-11-26 11:54:33'),(5,4,1,1,1099.99,1099.99,'2025-11-26 13:59:43','2025-11-26 13:59:43'),(6,4,2,1,1899.99,1899.99,'2025-11-26 13:59:43','2025-11-26 13:59:43'),(7,5,1,1,1099.99,1099.99,'2025-11-27 05:56:09','2025-11-27 05:56:09'),(8,5,2,1,1899.99,1899.99,'2025-11-27 05:56:09','2025-11-27 05:56:09'),(9,6,1,1,1099.99,1099.99,'2025-11-27 07:00:04','2025-11-27 07:00:04'),(10,7,50,1,599.99,599.99,'2026-02-25 07:53:15','2026-02-25 07:53:15'),(11,8,1,1,1099.99,1099.99,'2026-02-27 06:05:23','2026-02-27 06:05:23'),(12,9,152,1,1200.00,1200.00,'2026-05-18 06:30:32','2026-05-18 06:30:32'),(13,10,1,1,1099.99,1099.99,'2026-05-18 08:23:19','2026-05-18 08:23:19'),(14,11,69,1,699.99,699.99,'2026-05-19 06:07:57','2026-05-19 06:07:57'),(15,11,146,1,89.99,89.99,'2026-05-19 06:07:57','2026-05-19 06:07:57'),(16,11,99,1,449.99,449.99,'2026-05-19 06:07:57','2026-05-19 06:07:57'),(17,11,108,1,159.99,159.99,'2026-05-19 06:07:57','2026-05-19 06:07:57'),(18,11,85,1,1199.99,1199.99,'2026-05-19 06:07:57','2026-05-19 06:07:57'),(19,11,118,1,179.99,179.99,'2026-05-19 06:07:57','2026-05-19 06:07:57'),(20,11,130,1,109.99,109.99,'2026-05-19 06:07:57','2026-05-19 06:07:57'),(21,11,137,1,104.99,104.99,'2026-05-19 06:07:57','2026-05-19 06:07:57'),(22,12,16,1,169.99,169.99,'2026-06-08 03:45:52','2026-06-08 03:45:52');
/*!40000 ALTER TABLE `order_items` ENABLE KEYS */;
UNLOCK TABLES;

--
-- Table structure for table `orders`
--

DROP TABLE IF EXISTS `orders`;
/*!40101 SET @saved_cs_client     = @@character_set_client */;
/*!50503 SET character_set_client = utf8mb4 */;
CREATE TABLE `orders` (
  `id` bigint unsigned NOT NULL AUTO_INCREMENT,
  `user_id` bigint unsigned NOT NULL,
  `order_number` varchar(255) COLLATE utf8mb4_unicode_ci NOT NULL,
  `status` varchar(255) COLLATE utf8mb4_unicode_ci NOT NULL DEFAULT 'pending',
  `subtotal` decimal(10,2) NOT NULL,
  `tax` decimal(10,2) NOT NULL DEFAULT '0.00',
  `shipping` decimal(10,2) NOT NULL DEFAULT '0.00',
  `total` decimal(10,2) NOT NULL,
  `shipping_name` varchar(255) COLLATE utf8mb4_unicode_ci NOT NULL,
  `shipping_email` varchar(255) COLLATE utf8mb4_unicode_ci NOT NULL,
  `shipping_phone` varchar(255) COLLATE utf8mb4_unicode_ci NOT NULL,
  `shipping_address` text COLLATE utf8mb4_unicode_ci NOT NULL,
  `shipping_city` varchar(255) COLLATE utf8mb4_unicode_ci NOT NULL,
  `shipping_state` varchar(255) COLLATE utf8mb4_unicode_ci NOT NULL,
  `shipping_zip` varchar(255) COLLATE utf8mb4_unicode_ci NOT NULL,
  `shipping_country` varchar(255) COLLATE utf8mb4_unicode_ci NOT NULL,
  `payment_method` varchar(255) COLLATE utf8mb4_unicode_ci NOT NULL DEFAULT 'card',
  `payment_status` varchar(255) COLLATE utf8mb4_unicode_ci NOT NULL DEFAULT 'pending',
  `payment_intent_id` varchar(255) COLLATE utf8mb4_unicode_ci DEFAULT NULL,
  `notes` text COLLATE utf8mb4_unicode_ci,
  `created_at` timestamp NULL DEFAULT NULL,
  `updated_at` timestamp NULL DEFAULT NULL,
  PRIMARY KEY (`id`),
  UNIQUE KEY `orders_order_number_unique` (`order_number`),
  KEY `orders_user_id_foreign` (`user_id`),
  CONSTRAINT `orders_user_id_foreign` FOREIGN KEY (`user_id`) REFERENCES `users` (`id`) ON DELETE CASCADE
) ENGINE=InnoDB AUTO_INCREMENT=13 DEFAULT CHARSET=utf8mb4 COLLATE=utf8mb4_unicode_ci;
/*!40101 SET character_set_client = @saved_cs_client */;

--
-- Dumping data for table `orders`
--

LOCK TABLES `orders` WRITE;
/*!40000 ALTER TABLE `orders` DISABLE KEYS */;
INSERT INTO `orders` VALUES (1,1,'ORD-6925B56C2B6C3','pending',1099.99,110.00,0.00,1209.99,'Marsels','ziedinsmarsels@gmail.com','35345234','liela iela 3','Riga','Agenskalns','LV-1050','Latvia','card','pending',NULL,NULL,'2025-11-25 11:55:56','2025-11-25 11:55:56'),(2,1,'ORD-6925D81BE4F05','pending',1099.99,110.00,0.00,1209.99,'Marsels','ziedinsmarsels@gmail.com','2343143431','fsefas','riga','agenskalns','LV-1050','Latvia','card','pending',NULL,NULL,'2025-11-25 14:23:55','2025-11-25 14:23:55'),(3,1,'ORD-692706997AF7C','pending',1229.98,123.00,0.00,1352.98,'Marsels','ziedinsmarsels@gmail.com','23576878','liela iela 4','Riga','Centrs','LV-1050','Latvia','card','pending',NULL,NULL,'2025-11-26 11:54:33','2025-11-26 11:54:33'),(4,1,'ORD-692723EF34CA4','pending',2999.98,300.00,0.00,3299.98,'Marsels','ziedinsmarsels@gmail.com','23412384','Brivibas bulvaris 12','Riga','Agenskalns','LV-1050','Latvia','card','pending',NULL,NULL,'2025-11-26 13:59:43','2025-11-26 13:59:43'),(5,1,'ORD-6928041910DBE','pending',2999.98,300.00,0.00,3299.98,'Marsels','ziedinsmarsels@gmail.com','23456878','Liela iela 3','Riga','Agenskalns','LV-1050','Latvia','card','pending',NULL,NULL,'2025-11-27 05:56:09','2025-11-27 05:56:09'),(6,1,'ORD-6928131446DD7','pending',1099.99,110.00,0.00,1209.99,'Marsels','ziedinsmarsels@gmail.com','24566787','Ģertrūdes iela 4','Riga','Agenskalns','LV-1050','Latvia','paypal','pending',NULL,NULL,'2025-11-27 07:00:04','2025-11-27 07:00:04'),(7,1,'ORD-699EC68BC67C5','pending',599.99,60.00,0.00,659.99,'Marsels','ziedinsmarsels@gmail.com','25334565','Brīvības iela','Rīga','Centrs','LV-1001','Latvia','cash_on_delivery','pending',NULL,NULL,'2026-02-25 07:53:15','2026-02-25 07:53:15'),(8,1,'ORD-69A15043DFA9F','pending',1099.99,110.00,0.00,1209.99,'Marsels','ziedinsmarsels@gmail.com','33546655','Sabiles iela 8','Rīga','Agenskalns','LV-1083','Latvia','cash_on_delivery','pending',NULL,NULL,'2026-02-27 06:05:23','2026-02-27 06:05:23'),(9,1,'ORD-6A0ADC37EF404','pending',1200.00,120.00,0.00,1320.00,'Marsels','ziedinsmarsels@gmail.com','24883409','Rīgas iela 8','Daugavpils','Agenskalns','LV-5401','Latvia','card','pending',NULL,NULL,'2026-05-18 06:30:31','2026-05-18 06:30:31'),(10,1,'ORD-6A0AF6A7A3F06','processing',1099.99,110.00,0.00,1209.99,'Marsels','ziedinsmarsels@gmail.com','23454545','Rīgas iela 8','Rīga','Agenskalns','LV-1235','Latvia','stripe','paid',NULL,NULL,'2026-05-18 08:23:19','2026-05-18 08:23:19'),(11,1,'ORD-6A0C286DBF5BA','delivered',2994.92,299.49,0.00,3294.41,'Marsels','ziedinsmarsels@gmail.com','32325324','Rigas iela 8','Riga','Agenskalns','LV-1244','Latvia','stripe','paid',NULL,NULL,'2026-05-19 06:07:57','2026-05-19 06:09:53'),(12,1,'ORD-6A2665209801A','processing',169.99,17.00,0.00,186.99,'Marsels','ziedinsmarsels@gmail.com','24565455','Rigas iela 6','Rīga','Agenskalns','LV-1020','Latvia','stripe','paid',NULL,NULL,'2026-06-08 03:45:52','2026-06-08 03:45:52');
/*!40000 ALTER TABLE `orders` ENABLE KEYS */;
UNLOCK TABLES;

--
-- Table structure for table `password_reset_tokens`
--

DROP TABLE IF EXISTS `password_reset_tokens`;
/*!40101 SET @saved_cs_client     = @@character_set_client */;
/*!50503 SET character_set_client = utf8mb4 */;
CREATE TABLE `password_reset_tokens` (
  `email` varchar(255) COLLATE utf8mb4_unicode_ci NOT NULL,
  `token` varchar(255) COLLATE utf8mb4_unicode_ci NOT NULL,
  `created_at` timestamp NULL DEFAULT NULL,
  PRIMARY KEY (`email`)
) ENGINE=InnoDB DEFAULT CHARSET=utf8mb4 COLLATE=utf8mb4_unicode_ci;
/*!40101 SET character_set_client = @saved_cs_client */;

--
-- Dumping data for table `password_reset_tokens`
--

LOCK TABLES `password_reset_tokens` WRITE;
/*!40000 ALTER TABLE `password_reset_tokens` DISABLE KEYS */;
/*!40000 ALTER TABLE `password_reset_tokens` ENABLE KEYS */;
UNLOCK TABLES;

--
-- Table structure for table `products`
--

DROP TABLE IF EXISTS `products`;
/*!40101 SET @saved_cs_client     = @@character_set_client */;
/*!50503 SET character_set_client = utf8mb4 */;
CREATE TABLE `products` (
  `id` bigint unsigned NOT NULL AUTO_INCREMENT,
  `category_id` bigint unsigned NOT NULL,
  `name` varchar(255) COLLATE utf8mb4_unicode_ci NOT NULL,
  `slug` varchar(255) COLLATE utf8mb4_unicode_ci NOT NULL,
  `description` text COLLATE utf8mb4_unicode_ci NOT NULL,
  `price` decimal(10,2) NOT NULL,
  `discount_price` decimal(10,2) DEFAULT NULL,
  `image_url` varchar(255) COLLATE utf8mb4_unicode_ci NOT NULL,
  `images` json DEFAULT NULL,
  `stock` int NOT NULL DEFAULT '0',
  `rating` decimal(2,1) NOT NULL DEFAULT '0.0',
  `reviews_count` int NOT NULL DEFAULT '0',
  `brand` varchar(255) COLLATE utf8mb4_unicode_ci DEFAULT NULL,
  `specifications` json DEFAULT NULL,
  `is_featured` tinyint(1) NOT NULL DEFAULT '0',
  `is_active` tinyint(1) NOT NULL DEFAULT '1',
  `created_at` timestamp NULL DEFAULT NULL,
  `updated_at` timestamp NULL DEFAULT NULL,
  PRIMARY KEY (`id`),
  UNIQUE KEY `products_slug_unique` (`slug`),
  KEY `products_category_id_foreign` (`category_id`),
  CONSTRAINT `products_category_id_foreign` FOREIGN KEY (`category_id`) REFERENCES `categories` (`id`) ON DELETE CASCADE
) ENGINE=InnoDB AUTO_INCREMENT=153 DEFAULT CHARSET=utf8mb4 COLLATE=utf8mb4_unicode_ci;
/*!40101 SET character_set_client = @saved_cs_client */;

--
-- Dumping data for table `products`
--

LOCK TABLES `products` WRITE;
/*!40000 ALTER TABLE `products` DISABLE KEYS */;
INSERT INTO `products` VALUES (1,1,'ASUS ROG Strix G15','asus-rog-strix-g15','High-quality ASUS ROG Strix G15 from ASUS. Perfect for your gaming or professional setup.',1299.99,1099.99,'https://dlcdnwebimgs.asus.com/gain/310AE36B-9600-410E-8771-C0FAAB3EF6FC','\"[\\\"https:\\\\/\\\\/via.placeholder.com\\\\/400x400?text=Image1\\\",\\\"https:\\\\/\\\\/via.placeholder.com\\\\/400x400?text=Image2\\\"]\"',13,4.0,1,'ASUS','\"{\\n  \\\"Memory\\\": \\\"DDR4-3200, Max 32GB, 2 Slots\\\",\\n  \\\"CPU\\\": \\\"AMD Ryzen™ 9 5900HX Processor (8-Core/16-Thread, 16MB Cache, up to 4.6 GHz)\\\",\\n  \\\"OS\\\": \\\"Windows 11 Home\\\",\\n  \\\"Display\\\": \\\"15.6\\\\\\\" FHD (1920x1080), 144Hz, IPS-level, 100% sRGB\\\",\\n  \\\"Chipset\\\": \\\"AMD\\\",\\n  \\\"Battery\\\": \\\"4-Cell 90Wh\\\",\\n  \\\"Graphics\\\": \\\"NVIDIA® GeForce RTX™ 3060 with 6GB GDDR6\\\",\\n  \\\"Storage Capability\\\": \\\"1x M.2 NVMe PCIe 3.0 SSD (512GB), Support up to 1TB\\\",\\n  \\\"Webcam\\\": \\\"HD type (30fps@720p)\\\",\\n  \\\"Audio\\\": \\\"2x 4W Speaker with Smart Amp Technology, Dolby Atmos\\\",\\n  \\\"Keyboard\\\": \\\"RGB Backlit Keyboard (4-Zone)\\\",\\n  \\\"Communication\\\": \\\"Gb LAN, Wi-Fi 6 (802.11ax) + Bluetooth v5.1\\\",\\n  \\\"Audio Jack\\\": \\\"1x 3.5mm Combo Audio Jack\\\",\\n  \\\"I/O Ports\\\": \\\"1x Type-C USB3.2 Gen2, 3x Type-A USB3.2 Gen1, 1x RJ-45 LAN, 1x HDMI 2.0b, 1x Kensington Lock\\\",\\n  \\\"Dimension\\\": \\\"354.9 x 259.9 x 27.2 mm (WxDxH)\\\",\\n  \\\"Weight\\\": \\\"2.3 kg (w/ Battery)\\\"\\n}\"',0,1,'2025-11-25 11:41:58','2026-05-18 08:23:19'),(2,1,'MSI GE76 Raider','msi-ge76-raider','High-quality MSI GE76 Raider from MSI. Perfect for your gaming or professional setup.',1899.99,NULL,'https://asset.msi.com/resize/image/global/product/product_1642742602095c73b6cf1564a1b5f531748436355b.png62405b38c58fe0f07fcef2367d8a9ba1/1024.png','\"[\\\"https:\\\\/\\\\/via.placeholder.com\\\\/400x400?text=Image1\\\",\\\"https:\\\\/\\\\/via.placeholder.com\\\\/400x400?text=Image2\\\"]\"',37,4.4,186,'MSI','\"{\\\"Brand\\\":\\\"MSI\\\",\\\"Warranty\\\":\\\"1 Year\\\",\\\"Condition\\\":\\\"New\\\"}\"',1,1,'2025-11-25 11:41:58','2025-11-27 05:56:09'),(3,1,'Lenovo Legion 5 Pro','lenovo-legion-5-pro','High-quality Lenovo Legion 5 Pro from Lenovo. Perfect for your gaming or professional setup.',1399.99,1199.99,'https://p1-ofp.static.pub//fes/cms/2025/04/04/95ictst7gj332wfl11t7z3e8zfceti849742.png','\"[\\\"https:\\\\/\\\\/via.placeholder.com\\\\/400x400?text=Image1\\\",\\\"https:\\\\/\\\\/via.placeholder.com\\\\/400x400?text=Image2\\\"]\"',31,3.6,54,'Lenovo','\"{\\\"Brand\\\":\\\"Lenovo\\\",\\\"Warranty\\\":\\\"1 Year\\\",\\\"Condition\\\":\\\"New\\\"}\"',0,1,'2025-11-25 11:41:58','2025-11-25 11:41:58'),(4,1,'Acer Predator Helios 300','acer-predator-helios-300','High-quality Acer Predator Helios 300 from Acer. Perfect for your gaming or professional setup.',1199.99,NULL,'https://cdn.assets.prezly.com/d3ea28bb-2052-4d17-866b-f048c5aad35b/Predator-Helios-300-PH315-53-Standard_03.png','\"[\\\"https:\\\\/\\\\/via.placeholder.com\\\\/400x400?text=Image1\\\",\\\"https:\\\\/\\\\/via.placeholder.com\\\\/400x400?text=Image2\\\"]\"',21,4.8,316,'Acer','\"{\\\"Brand\\\":\\\"Acer\\\",\\\"Warranty\\\":\\\"1 Year\\\",\\\"Condition\\\":\\\"New\\\"}\"',1,1,'2025-11-25 11:41:58','2025-11-25 11:41:58'),(5,1,'Dell G15 Gaming Laptop','dell-g15-gaming-laptop','High-quality Dell G15 Gaming Laptop from Dell. Perfect for your gaming or professional setup.',999.99,849.99,'https://crdms.images.consumerreports.org/f_auto,w_1200/prod/products/cr/models/414175-15-to-16-inch-laptops-dell-g15-15-6-gaming-laptop-i5535-a933gry-pus-10039504.png','\"[\\\"https:\\\\/\\\\/via.placeholder.com\\\\/400x400?text=Image1\\\",\\\"https:\\\\/\\\\/via.placeholder.com\\\\/400x400?text=Image2\\\"]\"',24,4.8,114,'Dell','\"{\\\"Brand\\\":\\\"Dell\\\",\\\"Warranty\\\":\\\"1 Year\\\",\\\"Condition\\\":\\\"New\\\"}\"',1,1,'2025-11-25 11:41:58','2025-11-25 11:41:58'),(6,1,'HP Omen 17','hp-omen-17','High-quality HP Omen 17 from HP. Perfect for your gaming or professional setup.',1699.99,NULL,'https://www.hp.com/content/dam/sites/omen/worldwide/laptops/omen-17/T900-OMEN17-C22-IMAGE1-SMALL.png','\"[\\\"https:\\\\/\\\\/via.placeholder.com\\\\/400x400?text=Image1\\\",\\\"https:\\\\/\\\\/via.placeholder.com\\\\/400x400?text=Image2\\\"]\"',9,4.0,44,'HP','\"{\\\"Brand\\\":\\\"HP\\\",\\\"Warranty\\\":\\\"1 Year\\\",\\\"Condition\\\":\\\"New\\\"}\"',0,1,'2025-11-25 11:41:58','2025-11-25 11:41:58'),(7,1,'Razer Blade 15','razer-blade-15','High-quality Razer Blade 15 from Razer. Perfect for your gaming or professional setup.',2299.99,1999.99,'https://press.razer.com/wp-content/uploads/2019/01/blade.png','\"[\\\"https:\\\\/\\\\/via.placeholder.com\\\\/400x400?text=Image1\\\",\\\"https:\\\\/\\\\/via.placeholder.com\\\\/400x400?text=Image2\\\"]\"',39,3.5,477,'Razer','\"{\\\"Brand\\\":\\\"Razer\\\",\\\"Warranty\\\":\\\"1 Year\\\",\\\"Condition\\\":\\\"New\\\"}\"',1,1,'2025-11-25 11:41:58','2025-11-25 11:41:58'),(8,1,'ASUS TUF Gaming A15','asus-tuf-gaming-a15','High-quality ASUS TUF Gaming A15 from ASUS. Perfect for your gaming or professional setup.',899.99,NULL,'https://www.asus.com/media/global/gallery/ibht3480pzgjpbde_setting_xxx_0_90_end_2000.png','\"[\\\"https:\\\\/\\\\/via.placeholder.com\\\\/400x400?text=Image1\\\",\\\"https:\\\\/\\\\/via.placeholder.com\\\\/400x400?text=Image2\\\"]\"',37,4.8,474,'ASUS','\"{\\\"Brand\\\":\\\"ASUS\\\",\\\"Warranty\\\":\\\"1 Year\\\",\\\"Condition\\\":\\\"New\\\"}\"',0,1,'2025-11-25 11:41:58','2025-11-25 11:41:58'),(9,1,'Gigabyte AORUS 15','gigabyte-aorus-15','High-quality Gigabyte AORUS 15 from Gigabyte. Perfect for your gaming or professional setup.',1599.99,1399.99,'https://static.gigabyte.com/StaticFile/Image/Global/e5bdf5c6f7a56503e25107696cf58970/Product/33694/Png','\"[\\\"https:\\\\/\\\\/via.placeholder.com\\\\/400x400?text=Image1\\\",\\\"https:\\\\/\\\\/via.placeholder.com\\\\/400x400?text=Image2\\\"]\"',16,4.5,28,'Gigabyte','\"{\\\"Brand\\\":\\\"Gigabyte\\\",\\\"Warranty\\\":\\\"1 Year\\\",\\\"Condition\\\":\\\"New\\\"}\"',1,1,'2025-11-25 11:41:58','2025-11-25 11:41:58'),(10,1,'Alienware m15 R7','alienware-m15-r7','High-quality Alienware m15 R7 from Dell. Perfect for your gaming or professional setup.',2499.99,NULL,'https://dellstatic.luroconnect.com/media/catalog/product/cache/74ae05ef3745aec30d7f5a287debd7f5/8/-/8-alienware-m15-r7-amd-gaming-laptop.png','\"[\\\"https:\\\\/\\\\/via.placeholder.com\\\\/400x400?text=Image1\\\",\\\"https:\\\\/\\\\/via.placeholder.com\\\\/400x400?text=Image2\\\"]\"',5,4.9,152,'Dell','\"{\\\"Brand\\\":\\\"Dell\\\",\\\"Warranty\\\":\\\"1 Year\\\",\\\"Condition\\\":\\\"New\\\"}\"',1,1,'2025-11-25 11:41:58','2025-11-25 11:41:58'),(11,1,'MSI Stealth 15M','msi-stealth-15m','High-quality MSI Stealth 15M from MSI. Perfect for your gaming or professional setup.',1099.99,949.99,'https://asset.msi.com/resize/image/global/product/product_161470972279ddfac4d2bac09a1dfe13b6e3401b20.png62405b38c58fe0f07fcef2367d8a9ba1/1024.png','\"[\\\"https:\\\\/\\\\/via.placeholder.com\\\\/400x400?text=Image1\\\",\\\"https:\\\\/\\\\/via.placeholder.com\\\\/400x400?text=Image2\\\"]\"',44,4.1,436,'MSI','\"{\\\"Brand\\\":\\\"MSI\\\",\\\"Warranty\\\":\\\"1 Year\\\",\\\"Condition\\\":\\\"New\\\"}\"',1,1,'2025-11-25 11:41:58','2025-11-25 11:41:58'),(12,1,'Lenovo IdeaPad Gaming 3','lenovo-ideapad-gaming-3','High-quality Lenovo IdeaPad Gaming 3 from Lenovo. Perfect for your gaming or professional setup.',799.99,NULL,'https://media.bite.lv/@bite-lv/sites/default/files/2022-11/lenovo-ideapad-gaming-3-15ith06-82k1010vlt_1.png','\"[\\\"https:\\\\/\\\\/via.placeholder.com\\\\/400x400?text=Image1\\\",\\\"https:\\\\/\\\\/via.placeholder.com\\\\/400x400?text=Image2\\\"]\"',44,4.3,72,'Lenovo','\"{\\\"Brand\\\":\\\"Lenovo\\\",\\\"Warranty\\\":\\\"1 Year\\\",\\\"Condition\\\":\\\"New\\\"}\"',1,1,'2025-11-25 11:41:58','2025-11-25 11:41:58'),(13,1,'ASUS Zenbook Pro 15','asus-zenbook-pro-15','High-quality ASUS Zenbook Pro 15 from ASUS. Perfect for your gaming or professional setup.',1799.99,NULL,'https://www.24.lv/images/detailed/788/.png','\"[\\\"https:\\\\/\\\\/via.placeholder.com\\\\/400x400?text=Image1\\\",\\\"https:\\\\/\\\\/via.placeholder.com\\\\/400x400?text=Image2\\\"]\"',5,4.3,158,'ASUS','\"{\\\"Brand\\\":\\\"ASUS\\\",\\\"Warranty\\\":\\\"1 Year\\\",\\\"Condition\\\":\\\"New\\\"}\"',1,1,'2025-11-25 11:41:58','2025-11-25 11:41:58'),(14,1,'Acer Nitro 5','acer-nitro-5','High-quality Acer Nitro 5 from Acer. Perfect for your gaming or professional setup.',849.99,749.99,'https://cdn.tet.lv/tetveikals-prd-images/full_size/products/nitro5-an515-58-redkb-black-gallery-01-629475494737c.png.webp','\"[\\\"https:\\\\/\\\\/via.placeholder.com\\\\/400x400?text=Image1\\\",\\\"https:\\\\/\\\\/via.placeholder.com\\\\/400x400?text=Image2\\\"]\"',32,3.9,137,'Acer','\"{\\\"Brand\\\":\\\"Acer\\\",\\\"Warranty\\\":\\\"1 Year\\\",\\\"Condition\\\":\\\"New\\\"}\"',1,1,'2025-11-25 11:41:58','2025-11-25 11:41:58'),(15,1,'HP Pavilion Gaming 15','hp-pavilion-gaming-15','High-quality HP Pavilion Gaming 15 from HP. Perfect for your gaming or professional setup.',899.99,NULL,'https://hp.widen.net/content/9jx6lwfqly/webp/9jx6lwfqly.png?w=573&h=430&dpi=72&color=ffffff00','\"[\\\"https:\\\\/\\\\/via.placeholder.com\\\\/400x400?text=Image1\\\",\\\"https:\\\\/\\\\/via.placeholder.com\\\\/400x400?text=Image2\\\"]\"',9,4.0,433,'HP','\"{\\\"Brand\\\":\\\"HP\\\",\\\"Warranty\\\":\\\"1 Year\\\",\\\"Condition\\\":\\\"New\\\"}\"',1,1,'2025-11-25 11:41:58','2025-11-25 11:41:58'),(16,2,'Corsair K95 RGB Platinum','corsair-k95-rgb-platinum','High-quality Corsair K95 RGB Platinum from Corsair. Perfect for your gaming or professional setup.',199.99,169.99,'https://admin.dreamwaretech.co.za/files/793AE701-C745-526C-102D-C63B7AA0BBF3.png','\"[\\\"https:\\\\/\\\\/via.placeholder.com\\\\/400x400?text=Image1\\\",\\\"https:\\\\/\\\\/via.placeholder.com\\\\/400x400?text=Image2\\\"]\"',40,4.1,151,'Corsair','\"{\\\"Brand\\\":\\\"Corsair\\\",\\\"Warranty\\\":\\\"1 Year\\\",\\\"Condition\\\":\\\"New\\\"}\"',1,1,'2025-11-25 11:41:58','2026-06-08 03:45:52'),(17,2,'Logitech G Pro X Keyboard','logitech-g-pro-x-keyboard','High-quality Logitech G Pro X Keyboard from Logitech. Perfect for your gaming or professional setup.',149.99,NULL,'https://www.logitechg.com/content/dam/gaming/en/products/pro-x-tkl/gallery-1-pro-x-tkl-black-lightspeed-gaming-keyboard.png.png','\"[\\\"https:\\\\/\\\\/via.placeholder.com\\\\/400x400?text=Image1\\\",\\\"https:\\\\/\\\\/via.placeholder.com\\\\/400x400?text=Image2\\\"]\"',23,3.5,276,'Logitech','\"{\\\"Brand\\\":\\\"Logitech\\\",\\\"Warranty\\\":\\\"1 Year\\\",\\\"Condition\\\":\\\"New\\\"}\"',0,1,'2025-11-25 11:41:58','2025-11-25 11:41:58'),(18,2,'Razer BlackWidow V3','razer-blackwidow-v3','High-quality Razer BlackWidow V3 from Razer. Perfect for your gaming or professional setup.',139.99,119.99,'https://media.bite.lt/@bite-lv/sites/default/files/2022-11/razer_blackwidow_v3_gaming_keyboard_rgb_led_light_us_black_wired.png','\"[\\\"https:\\\\/\\\\/via.placeholder.com\\\\/400x400?text=Image1\\\",\\\"https:\\\\/\\\\/via.placeholder.com\\\\/400x400?text=Image2\\\"]\"',11,4.3,450,'Razer','\"{\\\"Brand\\\":\\\"Razer\\\",\\\"Warranty\\\":\\\"1 Year\\\",\\\"Condition\\\":\\\"New\\\"}\"',0,1,'2025-11-25 11:41:58','2025-11-25 11:41:58'),(19,2,'SteelSeries Apex Pro','steelseries-apex-pro','High-quality SteelSeries Apex Pro from SteelSeries. Perfect for your gaming or professional setup.',199.99,NULL,'https://www.24.lv/images/detailed/488/webprim_apexpro_tkl.png','\"[\\\"https:\\\\/\\\\/via.placeholder.com\\\\/400x400?text=Image1\\\",\\\"https:\\\\/\\\\/via.placeholder.com\\\\/400x400?text=Image2\\\"]\"',32,3.5,257,'SteelSeries','\"{\\\"Brand\\\":\\\"SteelSeries\\\",\\\"Warranty\\\":\\\"1 Year\\\",\\\"Condition\\\":\\\"New\\\"}\"',0,1,'2025-11-25 11:41:58','2025-11-25 11:41:58'),(20,2,'HyperX Alloy Origins','hyperx-alloy-origins','High-quality HyperX Alloy Origins from HyperX. Perfect for your gaming or professional setup.',109.99,89.99,'https://hp.widen.net/content/7gz8jlzkar/webp/7gz8jlzkar.png?w=573&h=430&dpi=72&color=ffffff00','\"[\\\"https:\\\\/\\\\/via.placeholder.com\\\\/400x400?text=Image1\\\",\\\"https:\\\\/\\\\/via.placeholder.com\\\\/400x400?text=Image2\\\"]\"',39,4.3,63,'HyperX','\"{\\\"Brand\\\":\\\"HyperX\\\",\\\"Warranty\\\":\\\"1 Year\\\",\\\"Condition\\\":\\\"New\\\"}\"',0,1,'2025-11-25 11:41:58','2025-11-25 11:41:58'),(21,2,'Ducky One 2 Mini','ducky-one-2-mini','High-quality Ducky One 2 Mini from Ducky. Perfect for your gaming or professional setup.',119.99,NULL,'https://gamebroslb.com/cdn/shop/products/db2.png?v=1660822084&width=1946','\"[\\\"https:\\\\/\\\\/via.placeholder.com\\\\/400x400?text=Image1\\\",\\\"https:\\\\/\\\\/via.placeholder.com\\\\/400x400?text=Image2\\\"]\"',24,3.9,469,'Ducky','\"{\\\"Brand\\\":\\\"Ducky\\\",\\\"Warranty\\\":\\\"1 Year\\\",\\\"Condition\\\":\\\"New\\\"}\"',1,1,'2025-11-25 11:41:58','2025-11-25 11:41:58'),(22,2,'Keychron K2','keychron-k2','High-quality Keychron K2 from Keychron. Perfect for your gaming or professional setup.',89.99,79.99,'https://keychron.com.au/cdn/shop/files/Keychron-K2-hot-swappable-wireless-mechanical-keyboard-for-Mac-Windows-iOS-Gateron-switch-red-with-type-C-RGB-white-backlight-aluminum-frame.png?v=1754616837&width=1214','\"[\\\"https:\\\\/\\\\/via.placeholder.com\\\\/400x400?text=Image1\\\",\\\"https:\\\\/\\\\/via.placeholder.com\\\\/400x400?text=Image2\\\"]\"',15,4.9,92,'Keychron','\"{\\\"Brand\\\":\\\"Keychron\\\",\\\"Warranty\\\":\\\"1 Year\\\",\\\"Condition\\\":\\\"New\\\"}\"',0,1,'2025-11-25 11:41:58','2025-11-25 11:41:58'),(23,2,'ASUS ROG Strix Scope','asus-rog-strix-scope','High-quality ASUS ROG Strix Scope from ASUS. Perfect for your gaming or professional setup.',129.99,NULL,'https://dlcdnwebimgs.asus.com/gain/E4226A67-3087-4FC0-B16E-7C7AAFDAB7D6','\"[\\\"https:\\\\/\\\\/via.placeholder.com\\\\/400x400?text=Image1\\\",\\\"https:\\\\/\\\\/via.placeholder.com\\\\/400x400?text=Image2\\\"]\"',18,4.4,458,'ASUS','\"{\\\"Brand\\\":\\\"ASUS\\\",\\\"Warranty\\\":\\\"1 Year\\\",\\\"Condition\\\":\\\"New\\\"}\"',0,1,'2025-11-25 11:41:58','2025-11-25 11:41:58'),(24,2,'Cooler Master MK730','cooler-master-mk730','High-quality Cooler Master MK730 from Cooler Master. Perfect for your gaming or professional setup.',159.99,139.99,'https://a.storyblok.com/f/281110/986355df83/mk730-380x380-1.png','\"[\\\"https:\\\\/\\\\/via.placeholder.com\\\\/400x400?text=Image1\\\",\\\"https:\\\\/\\\\/via.placeholder.com\\\\/400x400?text=Image2\\\"]\"',37,3.7,323,'Cooler Master','\"{\\\"Brand\\\":\\\"Cooler Master\\\",\\\"Warranty\\\":\\\"1 Year\\\",\\\"Condition\\\":\\\"New\\\"}\"',1,1,'2025-11-25 11:41:58','2025-11-25 11:41:58'),(25,2,'Logitech G915 TKL','logitech-g915-tkl','High-quality Logitech G915 TKL from Logitech. Perfect for your gaming or professional setup.',229.99,NULL,'https://new.ksd-images.lt/display?path=aikido/cache/87d61d46f57ed18d07b46cd22a6cc0ce.png&h=742&op=fit&w=816','\"[\\\"https:\\\\/\\\\/via.placeholder.com\\\\/400x400?text=Image1\\\",\\\"https:\\\\/\\\\/via.placeholder.com\\\\/400x400?text=Image2\\\"]\"',44,5.0,245,'Logitech','\"{\\\"Brand\\\":\\\"Logitech\\\",\\\"Warranty\\\":\\\"1 Year\\\",\\\"Condition\\\":\\\"New\\\"}\"',0,1,'2025-11-25 11:41:58','2025-11-25 11:41:58'),(26,2,'Razer Huntsman Mini','razer-huntsman-mini','High-quality Razer Huntsman Mini from Razer. Perfect for your gaming or professional setup.',119.99,99.99,'https://media.bite.lv/@bite-lv/sites/default/files/2022-11/razer_huntsman_mini_gaming_keyboard_rgb_led_light_us-black_wired.png','\"[\\\"https:\\\\/\\\\/via.placeholder.com\\\\/400x400?text=Image1\\\",\\\"https:\\\\/\\\\/via.placeholder.com\\\\/400x400?text=Image2\\\"]\"',18,4.1,409,'Razer','\"{\\\"Brand\\\":\\\"Razer\\\",\\\"Warranty\\\":\\\"1 Year\\\",\\\"Condition\\\":\\\"New\\\"}\"',1,1,'2025-11-25 11:41:58','2025-11-25 11:41:58'),(27,2,'Corsair K70 RGB','corsair-k70-rgb','High-quality Corsair K70 RGB from Corsair. Perfect for your gaming or professional setup.',169.99,NULL,'https://assets.corsair.com/image/upload/f_auto,q_auto/content/CH-9000119-NA-CGK70-RGB-NA-01.png','\"[\\\"https:\\\\/\\\\/via.placeholder.com\\\\/400x400?text=Image1\\\",\\\"https:\\\\/\\\\/via.placeholder.com\\\\/400x400?text=Image2\\\"]\"',23,4.3,294,'Corsair','\"{\\\"Brand\\\":\\\"Corsair\\\",\\\"Warranty\\\":\\\"1 Year\\\",\\\"Condition\\\":\\\"New\\\"}\"',0,1,'2025-11-25 11:41:58','2025-11-25 11:41:58'),(28,3,'Logitech G Pro Wireless','logitech-g-pro-wireless','High-quality Logitech G Pro Wireless from Logitech. Perfect for your gaming or professional setup.',149.99,129.99,'https://resource.logitechg.com/w_692,c_lpad,ar_4:3,q_auto,f_auto,dpr_1.0/d_transparent.gif/content/dam/gaming/en/products/pro-wireless-gaming-mouse/pro-wireless-carbon-gallery-3.png?v=1','\"[\\\"https:\\\\/\\\\/via.placeholder.com\\\\/400x400?text=Image1\\\",\\\"https:\\\\/\\\\/via.placeholder.com\\\\/400x400?text=Image2\\\"]\"',9,3.7,124,'Logitech','\"{\\\"Brand\\\":\\\"Logitech\\\",\\\"Warranty\\\":\\\"1 Year\\\",\\\"Condition\\\":\\\"New\\\"}\"',0,1,'2025-11-25 11:41:58','2025-11-25 11:41:58'),(29,3,'Razer DeathAdder V3','razer-deathadder-v3','High-quality Razer DeathAdder V3 from Razer. Perfect for your gaming or professional setup.',69.99,NULL,'https://media.bite.lv/@bite-lv/sites/default/files/2022-11/razer_deathadder_v3_pro_gaming_mouse_optical_30000_dpi-black-2_0.png','\"[\\\"https:\\\\/\\\\/via.placeholder.com\\\\/400x400?text=Image1\\\",\\\"https:\\\\/\\\\/via.placeholder.com\\\\/400x400?text=Image2\\\"]\"',6,4.1,21,'Razer','\"{\\\"Brand\\\":\\\"Razer\\\",\\\"Warranty\\\":\\\"1 Year\\\",\\\"Condition\\\":\\\"New\\\"}\"',1,1,'2025-11-25 11:41:58','2025-11-25 11:41:58'),(30,3,'SteelSeries Rival 3','steelseries-rival-3','High-quality SteelSeries Rival 3 from SteelSeries. Perfect for your gaming or professional setup.',29.99,24.99,'https://cdn.4games.pro/storage/products/187/8bf9820592be5f03d91bc8707cfa3efd.jpg','\"[\\\"https:\\\\/\\\\/via.placeholder.com\\\\/400x400?text=Image1\\\",\\\"https:\\\\/\\\\/via.placeholder.com\\\\/400x400?text=Image2\\\"]\"',13,4.3,22,'SteelSeries','\"{\\\"Brand\\\":\\\"SteelSeries\\\",\\\"Warranty\\\":\\\"1 Year\\\",\\\"Condition\\\":\\\"New\\\"}\"',0,1,'2025-11-25 11:41:58','2025-11-25 11:41:58'),(31,3,'Corsair Dark Core RGB Pro','corsair-dark-core-rgb-pro','High-quality Corsair Dark Core RGB Pro from Corsair. Perfect for your gaming or professional setup.',89.99,NULL,'https://content.ibuypower.com/Images/Components/28082/Corsair-DARK-CORE-RGB-PRO-01-2400.png','\"[\\\"https:\\\\/\\\\/via.placeholder.com\\\\/400x400?text=Image1\\\",\\\"https:\\\\/\\\\/via.placeholder.com\\\\/400x400?text=Image2\\\"]\"',41,4.0,313,'Corsair','\"{\\\"Brand\\\":\\\"Corsair\\\",\\\"Warranty\\\":\\\"1 Year\\\",\\\"Condition\\\":\\\"New\\\"}\"',0,1,'2025-11-25 11:41:58','2025-11-25 11:41:58'),(32,3,'Razer Viper Ultimate','razer-viper-ultimate','High-quality Razer Viper Ultimate from Razer. Perfect for your gaming or professional setup.',149.99,119.99,'https://www.techpowerup.com/review/razer-viper-ultimate/images/small.png','\"[\\\"https:\\\\/\\\\/via.placeholder.com\\\\/400x400?text=Image1\\\",\\\"https:\\\\/\\\\/via.placeholder.com\\\\/400x400?text=Image2\\\"]\"',27,4.6,385,'Razer','\"{\\\"Brand\\\":\\\"Razer\\\",\\\"Warranty\\\":\\\"1 Year\\\",\\\"Condition\\\":\\\"New\\\"}\"',1,1,'2025-11-25 11:41:58','2025-11-25 11:41:58'),(33,3,'Logitech G502 Hero','logitech-g502-hero','High-quality Logitech G502 Hero from Logitech. Perfect for your gaming or professional setup.',79.99,NULL,'https://uzpilde.lv/image/cache/catalog/products/72/72785-600x600.png','\"[\\\"https:\\\\/\\\\/via.placeholder.com\\\\/400x400?text=Image1\\\",\\\"https:\\\\/\\\\/via.placeholder.com\\\\/400x400?text=Image2\\\"]\"',40,4.4,423,'Logitech','\"{\\\"Brand\\\":\\\"Logitech\\\",\\\"Warranty\\\":\\\"1 Year\\\",\\\"Condition\\\":\\\"New\\\"}\"',0,1,'2025-11-25 11:41:58','2025-11-25 11:41:58'),(34,3,'Glorious Model O','glorious-model-o','High-quality Glorious Model O from Glorious. Perfect for your gaming or professional setup.',49.99,39.99,'https://bm.market/upload-files/16147538787c5d92ecd71011222dae7919bab5bfd57964ef24.png','\"[\\\"https:\\\\/\\\\/via.placeholder.com\\\\/400x400?text=Image1\\\",\\\"https:\\\\/\\\\/via.placeholder.com\\\\/400x400?text=Image2\\\"]\"',34,3.7,484,'Glorious','\"{\\\"Brand\\\":\\\"Glorious\\\",\\\"Warranty\\\":\\\"1 Year\\\",\\\"Condition\\\":\\\"New\\\"}\"',1,1,'2025-11-25 11:41:58','2025-11-25 11:41:58'),(35,3,'ASUS ROG Gladius III','asus-rog-gladius-iii','High-quality ASUS ROG Gladius III from ASUS. Perfect for your gaming or professional setup.',99.99,NULL,'https://dlcdnwebimgs.asus.com/gain/A9E22782-098B-4963-8D14-9DED07E057F5/w260/fwebp','\"[\\\"https:\\\\/\\\\/via.placeholder.com\\\\/400x400?text=Image1\\\",\\\"https:\\\\/\\\\/via.placeholder.com\\\\/400x400?text=Image2\\\"]\"',50,4.4,460,'ASUS','\"{\\\"Brand\\\":\\\"ASUS\\\",\\\"Warranty\\\":\\\"1 Year\\\",\\\"Condition\\\":\\\"New\\\"}\"',1,1,'2025-11-25 11:41:58','2025-11-25 11:41:58'),(36,3,'HyperX Pulsefire Haste','hyperx-pulsefire-haste','High-quality HyperX Pulsefire Haste from HyperX. Perfect for your gaming or professional setup.',49.99,44.99,'https://i5.walmartimages.com/seo/HyperX-Pulsefire-Haste-Wireless-Gaming-Mouse-Black_205fba2b-1a45-405b-9464-94105be4c36a.9dd14f37e20283dacc157485fe01c31e.png','\"[\\\"https:\\\\/\\\\/via.placeholder.com\\\\/400x400?text=Image1\\\",\\\"https:\\\\/\\\\/via.placeholder.com\\\\/400x400?text=Image2\\\"]\"',44,4.8,344,'HyperX','\"{\\\"Brand\\\":\\\"HyperX\\\",\\\"Warranty\\\":\\\"1 Year\\\",\\\"Condition\\\":\\\"New\\\"}\"',0,1,'2025-11-25 11:41:58','2025-11-25 11:41:58'),(37,3,'Razer Basilisk V3','razer-basilisk-v3','High-quality Razer Basilisk V3 from Razer. Perfect for your gaming or professional setup.',69.99,NULL,'https://media.bite.lv/@bite-lv/sites/default/files/2022-11/razer_gaming_mouse_basilisk_v3_optical_26000_dpi-black-3.png','\"[\\\"https:\\\\/\\\\/via.placeholder.com\\\\/400x400?text=Image1\\\",\\\"https:\\\\/\\\\/via.placeholder.com\\\\/400x400?text=Image2\\\"]\"',40,4.0,192,'Razer','\"{\\\"Brand\\\":\\\"Razer\\\",\\\"Warranty\\\":\\\"1 Year\\\",\\\"Condition\\\":\\\"New\\\"}\"',0,1,'2025-11-25 11:41:58','2025-11-25 11:41:58'),(38,3,'Logitech MX Master 3','logitech-mx-master-3','High-quality Logitech MX Master 3 from Logitech. Perfect for your gaming or professional setup.',99.99,89.99,'https://cdn.tet.lv/tetveikals-prd-images/full_size/products/logitech-mx-master-3-advanced-wireless-5-628cdc51ebe85.png.webp','\"[\\\"https:\\\\/\\\\/via.placeholder.com\\\\/400x400?text=Image1\\\",\\\"https:\\\\/\\\\/via.placeholder.com\\\\/400x400?text=Image2\\\"]\"',35,4.7,264,'Logitech','\"{\\\"Brand\\\":\\\"Logitech\\\",\\\"Warranty\\\":\\\"1 Year\\\",\\\"Condition\\\":\\\"New\\\"}\"',0,1,'2025-11-25 11:41:58','2025-11-25 11:41:58'),(39,3,'Corsair Ironclaw RGB','corsair-ironclaw-rgb','High-quality Corsair Ironclaw RGB from Corsair. Perfect for your gaming or professional setup.',79.99,NULL,'https://bm.market/upload-files/15764977932c31e6ac9939c2cdbed283ef1e271602f46aca0d.png','\"[\\\"https:\\\\/\\\\/via.placeholder.com\\\\/400x400?text=Image1\\\",\\\"https:\\\\/\\\\/via.placeholder.com\\\\/400x400?text=Image2\\\"]\"',47,4.4,118,'Corsair','\"{\\\"Brand\\\":\\\"Corsair\\\",\\\"Warranty\\\":\\\"1 Year\\\",\\\"Condition\\\":\\\"New\\\"}\"',1,1,'2025-11-25 11:41:58','2025-11-25 11:41:58'),(40,4,'SteelSeries Arctis 7','steelseries-arctis-7','High-quality SteelSeries Arctis 7 from SteelSeries. Perfect for your gaming or professional setup.',149.99,129.99,'https://cdn.tet.lv/tetveikals-prd-images/full_size/products/austinas-steelseries-arctis-7-61461-6425995297703.png.webp','\"[\\\"https:\\\\/\\\\/via.placeholder.com\\\\/400x400?text=Image1\\\",\\\"https:\\\\/\\\\/via.placeholder.com\\\\/400x400?text=Image2\\\"]\"',40,3.6,121,'SteelSeries','\"{\\\"Brand\\\":\\\"SteelSeries\\\",\\\"Warranty\\\":\\\"1 Year\\\",\\\"Condition\\\":\\\"New\\\"}\"',0,1,'2025-11-25 11:41:58','2025-11-26 11:54:33'),(41,4,'HyperX Cloud II','hyperx-cloud-ii','High-quality HyperX Cloud II from HyperX. Perfect for your gaming or professional setup.',99.99,NULL,'https://hk-media.apjonlinecdn.com/catalog/product/cache/b3b166914d87ce343d4dc5ec5117b502/4/P/4P5K4AA-2_T1678883350.png','\"[\\\"https:\\\\/\\\\/via.placeholder.com\\\\/400x400?text=Image1\\\",\\\"https:\\\\/\\\\/via.placeholder.com\\\\/400x400?text=Image2\\\"]\"',38,4.8,145,'HyperX','\"{\\\"Brand\\\":\\\"HyperX\\\",\\\"Warranty\\\":\\\"1 Year\\\",\\\"Condition\\\":\\\"New\\\"}\"',0,1,'2025-11-25 11:41:58','2025-11-25 11:41:58'),(42,4,'Razer BlackShark V2','razer-blackshark-v2','High-quality Razer BlackShark V2 from Razer. Perfect for your gaming or professional setup.',99.99,84.99,'https://assets.razerzone.com/eeimages/support/products/1699/1699-blacksharkv2x.png','\"[\\\"https:\\\\/\\\\/via.placeholder.com\\\\/400x400?text=Image1\\\",\\\"https:\\\\/\\\\/via.placeholder.com\\\\/400x400?text=Image2\\\"]\"',23,4.6,423,'Razer','\"{\\\"Brand\\\":\\\"Razer\\\",\\\"Warranty\\\":\\\"1 Year\\\",\\\"Condition\\\":\\\"New\\\"}\"',1,1,'2025-11-25 11:41:58','2025-11-25 11:41:58'),(43,4,'Logitech G Pro X Headset','logitech-g-pro-x-headset','High-quality Logitech G Pro X Headset from Logitech. Perfect for your gaming or professional setup.',129.99,NULL,'https://lioncityco.com/cdn/shop/files/gallery-1-pro-x-2-lightspeed-gaming-headset-black_800x.webp?v=1704194172','\"[\\\"https:\\\\/\\\\/via.placeholder.com\\\\/400x400?text=Image1\\\",\\\"https:\\\\/\\\\/via.placeholder.com\\\\/400x400?text=Image2\\\"]\"',21,4.5,164,'Logitech','\"{\\\"Brand\\\":\\\"Logitech\\\",\\\"Warranty\\\":\\\"1 Year\\\",\\\"Condition\\\":\\\"New\\\"}\"',0,1,'2025-11-25 11:41:58','2025-11-25 11:41:58'),(44,4,'Corsair Virtuoso RGB','corsair-virtuoso-rgb','High-quality Corsair Virtuoso RGB from Corsair. Perfect for your gaming or professional setup.',179.99,159.99,'https://assets.corsair.com/image/upload/c_pad,q_auto,h_1024,w_1024,f_auto/products/Gaming-Headsets/CA-9011186-NA/Gallery/VIRTUOSO_WHITE_01.webp','\"[\\\"https:\\\\/\\\\/via.placeholder.com\\\\/400x400?text=Image1\\\",\\\"https:\\\\/\\\\/via.placeholder.com\\\\/400x400?text=Image2\\\"]\"',30,4.0,99,'Corsair','\"{\\\"Brand\\\":\\\"Corsair\\\",\\\"Warranty\\\":\\\"1 Year\\\",\\\"Condition\\\":\\\"New\\\"}\"',0,1,'2025-11-25 11:41:58','2025-11-25 11:41:58'),(45,4,'ASUS ROG Delta S','asus-rog-delta-s','High-quality ASUS ROG Delta S from ASUS. Perfect for your gaming or professional setup.',159.99,NULL,'https://dlcdnwebimgs.asus.com/files/media/E4C7EB4C-9C4F-4A00-826E-B581BE704F8A/v1/img/kv/rog-delta-s-core.png','\"[\\\"https:\\\\/\\\\/via.placeholder.com\\\\/400x400?text=Image1\\\",\\\"https:\\\\/\\\\/via.placeholder.com\\\\/400x400?text=Image2\\\"]\"',10,5.0,95,'ASUS','\"{\\\"Brand\\\":\\\"ASUS\\\",\\\"Warranty\\\":\\\"1 Year\\\",\\\"Condition\\\":\\\"New\\\"}\"',1,1,'2025-11-25 11:41:58','2025-11-25 11:41:58'),(46,4,'SteelSeries Arctis Pro','steelseries-arctis-pro','High-quality SteelSeries Arctis Pro from SteelSeries. Perfect for your gaming or professional setup.',179.99,NULL,'https://images.ctfassets.net/hmm5mo4qf4mf/4IpmhTPeyAnIG2aFddyYlA/d0f5d4ce9919ba6dcacac33f0e17e453/purchase-gallery-apro-wireless-hero.png__1920x1080_crop-fit_optimize_subsampling-2-2318.png','\"[\\\"https:\\\\/\\\\/via.placeholder.com\\\\/400x400?text=Image1\\\",\\\"https:\\\\/\\\\/via.placeholder.com\\\\/400x400?text=Image2\\\"]\"',20,4.7,164,'SteelSeries','\"{\\\"Brand\\\":\\\"SteelSeries\\\",\\\"Warranty\\\":\\\"1 Year\\\",\\\"Condition\\\":\\\"New\\\"}\"',1,1,'2025-11-25 11:41:58','2025-11-25 11:41:58'),(47,4,'Razer Kraken V3','razer-kraken-v3','High-quality Razer Kraken V3 from Razer. Perfect for your gaming or professional setup.',79.99,69.99,'https://media.bite.lv/@bite-lv/sites/default/files/2022-11/razer_gaming_headset_kraken_v3_built-in_microphone_black_wired_noice_canceling.png','\"[\\\"https:\\\\/\\\\/via.placeholder.com\\\\/400x400?text=Image1\\\",\\\"https:\\\\/\\\\/via.placeholder.com\\\\/400x400?text=Image2\\\"]\"',14,4.2,476,'Razer','\"{\\\"Brand\\\":\\\"Razer\\\",\\\"Warranty\\\":\\\"1 Year\\\",\\\"Condition\\\":\\\"New\\\"}\"',0,1,'2025-11-25 11:41:58','2025-11-25 11:41:58'),(48,4,'HyperX Cloud Alpha','hyperx-cloud-alpha','High-quality HyperX Cloud Alpha from HyperX. Perfect for your gaming or professional setup.',99.99,NULL,'https://hp.widen.net/content/rxnjkhxvqr/webp/rxnjkhxvqr.png?w=573&h=430&dpi=72&color=ffffff00','\"[\\\"https:\\\\/\\\\/via.placeholder.com\\\\/400x400?text=Image1\\\",\\\"https:\\\\/\\\\/via.placeholder.com\\\\/400x400?text=Image2\\\"]\"',33,4.9,40,'HyperX','\"{\\\"Brand\\\":\\\"HyperX\\\",\\\"Warranty\\\":\\\"1 Year\\\",\\\"Condition\\\":\\\"New\\\"}\"',0,1,'2025-11-25 11:41:58','2025-11-25 11:41:58'),(49,4,'Logitech G733','logitech-g733','High-quality Logitech G733 from Logitech. Perfect for your gaming or professional setup.',129.99,109.99,'https://www.jouleperformance.com/media/catalog/product/2/c/2c817e0e-03bc-4915-bb96-a4cc5cc075b9_1.png','\"[\\\"https:\\\\/\\\\/via.placeholder.com\\\\/400x400?text=Image1\\\",\\\"https:\\\\/\\\\/via.placeholder.com\\\\/400x400?text=Image2\\\"]\"',24,4.2,201,'Logitech','\"{\\\"Brand\\\":\\\"Logitech\\\",\\\"Warranty\\\":\\\"1 Year\\\",\\\"Condition\\\":\\\"New\\\"}\"',0,1,'2025-11-25 11:41:58','2025-11-25 11:41:58'),(50,5,'ASUS ROG Swift PG279QM 27\"','asus-rog-swift-pg279qm-27','High-quality ASUS ROG Swift PG279QM 27\" from ASUS. Perfect for your gaming or professional setup.',699.99,599.99,'https://dlcdnwebimgs.asus.com/gain/72C16A36-4EE3-4AC4-A58A-35F6B8A2FB6F/w1000/h732','\"[\\\"https:\\\\/\\\\/via.placeholder.com\\\\/400x400?text=Image1\\\",\\\"https:\\\\/\\\\/via.placeholder.com\\\\/400x400?text=Image2\\\"]\"',16,3.6,235,'ASUS','\"{\\\"Brand\\\":\\\"ASUS\\\",\\\"Warranty\\\":\\\"1 Year\\\",\\\"Condition\\\":\\\"New\\\"}\"',1,1,'2025-11-25 11:41:58','2026-02-25 07:53:15'),(51,5,'LG 27GL850 27\" 144Hz','lg-27gl850-27-144hz','High-quality LG 27GL850 27\" 144Hz from LG. Perfect for your gaming or professional setup.',449.99,NULL,'https://img-prd-pim.poorvika.com/cdn-cgi/image/width=500,height=500,quality=75/product/lg-ultragear-qhd-ips-gaming-monitor-black-27-inch-side-view.png','\"[\\\"https:\\\\/\\\\/via.placeholder.com\\\\/400x400?text=Image1\\\",\\\"https:\\\\/\\\\/via.placeholder.com\\\\/400x400?text=Image2\\\"]\"',18,4.3,261,'LG','\"{\\\"Brand\\\":\\\"LG\\\",\\\"Warranty\\\":\\\"1 Year\\\",\\\"Condition\\\":\\\"New\\\"}\"',1,1,'2025-11-25 11:41:58','2025-11-25 11:41:58'),(52,5,'Samsung Odyssey G7 32\"','samsung-odyssey-g7-32','High-quality Samsung Odyssey G7 32\" from Samsung. Perfect for your gaming or professional setup.',799.99,699.99,'https://images.samsung.com/is/image/samsung/p6pim/au/lc32g75tqsexxy/gallery/au-odyssey-g7-c32g75t-lc32g75tqsexxy-530330431?$Q90_1248_936_F_PNG$','\"[\\\"https:\\\\/\\\\/via.placeholder.com\\\\/400x400?text=Image1\\\",\\\"https:\\\\/\\\\/via.placeholder.com\\\\/400x400?text=Image2\\\"]\"',27,4.0,49,'Samsung','\"{\\\"Brand\\\":\\\"Samsung\\\",\\\"Warranty\\\":\\\"1 Year\\\",\\\"Condition\\\":\\\"New\\\"}\"',0,1,'2025-11-25 11:41:58','2025-11-25 11:41:58'),(53,5,'Acer Predator X34 34\"','acer-predator-x34-34','High-quality Acer Predator X34 34\" from Acer. Perfect for your gaming or professional setup.',899.99,NULL,'https://shop.villman.com/cdn/shop/files/acer_ecommproducts_x34-5_mm.v3as-removebg-preview_500x.png?v=1718331334','\"[\\\"https:\\\\/\\\\/via.placeholder.com\\\\/400x400?text=Image1\\\",\\\"https:\\\\/\\\\/via.placeholder.com\\\\/400x400?text=Image2\\\"]\"',47,4.0,62,'Acer','\"{\\\"Brand\\\":\\\"Acer\\\",\\\"Warranty\\\":\\\"1 Year\\\",\\\"Condition\\\":\\\"New\\\"}\"',1,1,'2025-11-25 11:41:58','2025-11-25 11:41:58'),(54,5,'BenQ ZOWIE XL2546K 24.5\"','benq-zowie-xl2546k-245','High-quality BenQ ZOWIE XL2546K 24.5\" from BenQ. Perfect for your gaming or professional setup.',499.99,449.99,'https://image.benq.com/is/image/benqco/01-xl2546k-xl-black-front-1?$ResponsivePreset$&fmt=png-alpha','\"[\\\"https:\\\\/\\\\/via.placeholder.com\\\\/400x400?text=Image1\\\",\\\"https:\\\\/\\\\/via.placeholder.com\\\\/400x400?text=Image2\\\"]\"',30,4.8,293,'BenQ','\"{\\\"Brand\\\":\\\"BenQ\\\",\\\"Warranty\\\":\\\"1 Year\\\",\\\"Condition\\\":\\\"New\\\"}\"',1,1,'2025-11-25 11:41:58','2025-11-25 11:41:58'),(55,5,'Dell S2721DGF 27\" 165Hz','dell-s2721dgf-27-165hz','High-quality Dell S2721DGF 27\" 165Hz from Dell. Perfect for your gaming or professional setup.',399.99,NULL,'https://i.dell.com/is/image/DellContent/content/dam/ss2/product-images/peripherals/output-devices/dell/monitors/s-series/s2721dgfa/global-spi/ng/monitor-s2721dgfa-relsize-500-ng.psd?qlt=95&fit=constrain,1&hei=383&wid=500&fmt=png-alpha','\"[\\\"https:\\\\/\\\\/via.placeholder.com\\\\/400x400?text=Image1\\\",\\\"https:\\\\/\\\\/via.placeholder.com\\\\/400x400?text=Image2\\\"]\"',46,5.0,428,'Dell','\"{\\\"Brand\\\":\\\"Dell\\\",\\\"Warranty\\\":\\\"1 Year\\\",\\\"Condition\\\":\\\"New\\\"}\"',0,1,'2025-11-25 11:41:58','2025-11-25 11:41:58'),(56,5,'AOC CU34G2X 34\" Curved','aoc-cu34g2x-34-curved','High-quality AOC CU34G2X 34\" Curved from AOC. Perfect for your gaming or professional setup.',449.99,399.99,'https://storage.aoc.com/assets/8532/AOC_CU34G2_PV_FTL-large.png','\"[\\\"https:\\\\/\\\\/via.placeholder.com\\\\/400x400?text=Image1\\\",\\\"https:\\\\/\\\\/via.placeholder.com\\\\/400x400?text=Image2\\\"]\"',25,4.1,234,'AOC','\"{\\\"Brand\\\":\\\"AOC\\\",\\\"Warranty\\\":\\\"1 Year\\\",\\\"Condition\\\":\\\"New\\\"}\"',0,1,'2025-11-25 11:41:58','2025-11-25 11:41:58'),(57,5,'MSI Optix MAG274QRF 27\"','msi-optix-mag274qrf-27','High-quality MSI Optix MAG274QRF 27\" from MSI. Perfect for your gaming or professional setup.',399.99,NULL,'https://asset.msi.com/resize/image/global/product/product_1609380485465e07f5a2b6d0df06835ad024a32e73.png62405b38c58fe0f07fcef2367d8a9ba1/380.png','\"[\\\"https:\\\\/\\\\/via.placeholder.com\\\\/400x400?text=Image1\\\",\\\"https:\\\\/\\\\/via.placeholder.com\\\\/400x400?text=Image2\\\"]\"',35,5.0,122,'MSI','\"{\\\"Brand\\\":\\\"MSI\\\",\\\"Warranty\\\":\\\"1 Year\\\",\\\"Condition\\\":\\\"New\\\"}\"',0,1,'2025-11-25 11:41:58','2025-11-25 11:41:58'),(58,5,'Gigabyte M27Q 27\" IPS','gigabyte-m27q-27-ips','High-quality Gigabyte M27Q 27\" IPS from Gigabyte. Perfect for your gaming or professional setup.',329.99,299.99,'https://static.gigabyte.com/StaticFile/Image/Global/fa5abde643d8a4d2b3c5ddfe92d59dd1/Product/45065/Png','\"[\\\"https:\\\\/\\\\/via.placeholder.com\\\\/400x400?text=Image1\\\",\\\"https:\\\\/\\\\/via.placeholder.com\\\\/400x400?text=Image2\\\"]\"',33,4.0,266,'Gigabyte','\"{\\\"Brand\\\":\\\"Gigabyte\\\",\\\"Warranty\\\":\\\"1 Year\\\",\\\"Condition\\\":\\\"New\\\"}\"',1,1,'2025-11-25 11:41:58','2025-11-25 11:41:58'),(59,5,'ViewSonic XG2405 24\" 144Hz','viewsonic-xg2405-24-144hz','High-quality ViewSonic XG2405 24\" 144Hz from ViewSonic. Perfect for your gaming or professional setup.',199.99,NULL,'https://www.viewsonic.com/media/catalog/product/cache/b1231e477ffebecb36748a51c37e27d3/x/g/xg2405_front_hires_2.png','\"[\\\"https:\\\\/\\\\/via.placeholder.com\\\\/400x400?text=Image1\\\",\\\"https:\\\\/\\\\/via.placeholder.com\\\\/400x400?text=Image2\\\"]\"',9,3.6,204,'ViewSonic','\"{\\\"Brand\\\":\\\"ViewSonic\\\",\\\"Warranty\\\":\\\"1 Year\\\",\\\"Condition\\\":\\\"New\\\"}\"',1,1,'2025-11-25 11:41:58','2025-11-25 11:41:58'),(60,6,'Secretlab Titan Evo 2022','secretlab-titan-evo-2022','High-quality Secretlab Titan Evo 2022 from Secretlab. Perfect for your gaming or professional setup.',549.99,499.99,'https://cdn.mos.cms.futurecdn.net/Nem2oVRs77jPsqEMBvSGzg.png','\"[\\\"https:\\\\/\\\\/via.placeholder.com\\\\/400x400?text=Image1\\\",\\\"https:\\\\/\\\\/via.placeholder.com\\\\/400x400?text=Image2\\\"]\"',8,4.1,110,'Secretlab','\"{\\\"Brand\\\":\\\"Secretlab\\\",\\\"Warranty\\\":\\\"1 Year\\\",\\\"Condition\\\":\\\"New\\\"}\"',0,1,'2025-11-25 11:41:58','2025-11-25 11:41:58'),(61,6,'Herman Miller Aeron','herman-miller-aeron','High-quality Herman Miller Aeron from Herman Miller. Perfect for your gaming or professional setup.',1395.00,NULL,'https://eustore.hermanmiller.com/cdn/shop/files/Aeron_Gaming-C-01.png?height=1180&v=1745936413&width=960','\"[\\\"https:\\\\/\\\\/via.placeholder.com\\\\/400x400?text=Image1\\\",\\\"https:\\\\/\\\\/via.placeholder.com\\\\/400x400?text=Image2\\\"]\"',17,3.5,491,'Herman Miller','\"{\\\"Brand\\\":\\\"Herman Miller\\\",\\\"Warranty\\\":\\\"1 Year\\\",\\\"Condition\\\":\\\"New\\\"}\"',0,1,'2025-11-25 11:41:58','2025-11-25 11:41:58'),(62,6,'Noblechairs Hero','noblechairs-hero','High-quality Noblechairs Hero from Noblechairs. Perfect for your gaming or professional setup.',499.99,449.99,'https://pcmarket.uz/wp-content/uploads/2023/08/5c66ba3e6270bfe7c6e06556c6d51f8c-removebg-preview.png','\"[\\\"https:\\\\/\\\\/via.placeholder.com\\\\/400x400?text=Image1\\\",\\\"https:\\\\/\\\\/via.placeholder.com\\\\/400x400?text=Image2\\\"]\"',13,3.7,294,'Noblechairs','\"{\\\"Brand\\\":\\\"Noblechairs\\\",\\\"Warranty\\\":\\\"1 Year\\\",\\\"Condition\\\":\\\"New\\\"}\"',1,1,'2025-11-25 11:41:58','2025-11-25 11:41:58'),(63,6,'DXRacer Formula Series','dxracer-formula-series','High-quality DXRacer Formula Series from DXRacer. Perfect for your gaming or professional setup.',399.99,NULL,'https://www.gamingstorekh.com/Content/Upload/ItemImage/ec16ccb3-cd10-4577-b034-995352c71e5f.png','\"[\\\"https:\\\\/\\\\/via.placeholder.com\\\\/400x400?text=Image1\\\",\\\"https:\\\\/\\\\/via.placeholder.com\\\\/400x400?text=Image2\\\"]\"',13,5.0,442,'DXRacer','\"{\\\"Brand\\\":\\\"DXRacer\\\",\\\"Warranty\\\":\\\"1 Year\\\",\\\"Condition\\\":\\\"New\\\"}\"',0,1,'2025-11-25 11:41:58','2025-11-25 11:41:58'),(64,6,'Corsair T3 Rush','corsair-t3-rush','High-quality Corsair T3 Rush from Corsair. Perfect for your gaming or professional setup.',329.99,299.99,'https://assets.corsair.com/image/upload/f_auto,q_auto/v1/akamai/pdp/t3-rush/images/t3_rush_charcoal_fabric.png','\"[\\\"https:\\\\/\\\\/via.placeholder.com\\\\/400x400?text=Image1\\\",\\\"https:\\\\/\\\\/via.placeholder.com\\\\/400x400?text=Image2\\\"]\"',32,4.4,185,'Corsair','\"{\\\"Brand\\\":\\\"Corsair\\\",\\\"Warranty\\\":\\\"1 Year\\\",\\\"Condition\\\":\\\"New\\\"}\"',0,1,'2025-11-25 11:41:58','2025-11-25 11:41:58'),(65,6,'Razer Iskur','razer-iskur','High-quality Razer Iskur from Razer. Perfect for your gaming or professional setup.',499.99,NULL,'https://shop.pcquickbuys.com/cdn/shop/files/1_010b6618-e9fe-4b4f-a96e-4bdfb625829f.png?v=1757036389&width=1946','\"[\\\"https:\\\\/\\\\/via.placeholder.com\\\\/400x400?text=Image1\\\",\\\"https:\\\\/\\\\/via.placeholder.com\\\\/400x400?text=Image2\\\"]\"',8,5.0,241,'Razer','\"{\\\"Brand\\\":\\\"Razer\\\",\\\"Warranty\\\":\\\"1 Year\\\",\\\"Condition\\\":\\\"New\\\"}\"',1,1,'2025-11-25 11:41:58','2025-11-25 11:41:58'),(66,6,'AKRacing Core Series','akracing-core-series','High-quality AKRacing Core Series from AKRacing. Perfect for your gaming or professional setup.',349.99,319.99,'https://shopcgx.com/cdn/shop/products/EX-blackred-8_1800x1800_c8b16bf4-bb6c-42db-a23f-1161b3c441de_1024x.png?v=1653153797','\"[\\\"https:\\\\/\\\\/via.placeholder.com\\\\/400x400?text=Image1\\\",\\\"https:\\\\/\\\\/via.placeholder.com\\\\/400x400?text=Image2\\\"]\"',47,4.2,451,'AKRacing','\"{\\\"Brand\\\":\\\"AKRacing\\\",\\\"Warranty\\\":\\\"1 Year\\\",\\\"Condition\\\":\\\"New\\\"}\"',0,1,'2025-11-25 11:41:58','2025-11-25 11:41:58'),(67,6,'RESPAWN 110 Racing Chair','respawn-110-racing-chair','High-quality RESPAWN 110 Racing Chair from RESPAWN. Perfect for your gaming or professional setup.',199.99,NULL,'https://cdn.shopify.com/s/files/1/2589/6928/files/RSP-110V2_BLK_PosterWeb3D.png?v=1716472730','\"[\\\"https:\\\\/\\\\/via.placeholder.com\\\\/400x400?text=Image1\\\",\\\"https:\\\\/\\\\/via.placeholder.com\\\\/400x400?text=Image2\\\"]\"',17,4.5,479,'RESPAWN','\"{\\\"Brand\\\":\\\"RESPAWN\\\",\\\"Warranty\\\":\\\"1 Year\\\",\\\"Condition\\\":\\\"New\\\"}\"',0,1,'2025-11-25 11:41:58','2025-11-25 11:41:58'),(68,7,'Intel Core i9-14900K','intel-core-i9-14900k','High-quality Intel Core i9-14900K from Intel. Perfect for your gaming or professional setup.',589.99,549.99,'https://cipc.s3.ca-central-1.amazonaws.com/products/12672/23-057-univ-k-n13840.png','\"[\\\"https:\\\\/\\\\/via.placeholder.com\\\\/400x400?text=Image1\\\",\\\"https:\\\\/\\\\/via.placeholder.com\\\\/400x400?text=Image2\\\"]\"',41,3.6,336,'Intel','\"{\\\"Brand\\\":\\\"Intel\\\",\\\"Warranty\\\":\\\"1 Year\\\",\\\"Condition\\\":\\\"New\\\"}\"',1,1,'2025-11-25 11:41:58','2025-11-25 11:41:58'),(69,7,'AMD Ryzen 9 7950X','amd-ryzen-9-7950x','High-quality AMD Ryzen 9 7950X from AMD. Perfect for your gaming or professional setup.',699.99,NULL,'https://www.scan.co.uk/images/infopages/amd-cpu/7000series/ryzen9/topimg.png','\"[\\\"https:\\\\/\\\\/via.placeholder.com\\\\/400x400?text=Image1\\\",\\\"https:\\\\/\\\\/via.placeholder.com\\\\/400x400?text=Image2\\\"]\"',39,4.3,453,'AMD','\"{\\\"Brand\\\":\\\"AMD\\\",\\\"Warranty\\\":\\\"1 Year\\\",\\\"Condition\\\":\\\"New\\\"}\"',0,1,'2025-11-25 11:41:58','2026-05-19 06:07:57'),(70,7,'Intel Core i7-14700K','intel-core-i7-14700k','High-quality Intel Core i7-14700K from Intel. Perfect for your gaming or professional setup.',419.99,389.99,'https://cipc.s3.ca-central-1.amazonaws.com/products/12674/n22417-png.png','\"[\\\"https:\\\\/\\\\/via.placeholder.com\\\\/400x400?text=Image1\\\",\\\"https:\\\\/\\\\/via.placeholder.com\\\\/400x400?text=Image2\\\"]\"',39,4.4,392,'Intel','\"{\\\"Brand\\\":\\\"Intel\\\",\\\"Warranty\\\":\\\"1 Year\\\",\\\"Condition\\\":\\\"New\\\"}\"',1,1,'2025-11-25 11:41:58','2025-11-25 11:41:58'),(71,7,'AMD Ryzen 7 7800X3D','amd-ryzen-7-7800x3d','High-quality AMD Ryzen 7 7800X3D from AMD. Perfect for your gaming or professional setup.',449.99,NULL,'https://trduk.com/wp-content/uploads/2024/05/AMD-Ryzen-7-Processor-300x231.png','\"[\\\"https:\\\\/\\\\/via.placeholder.com\\\\/400x400?text=Image1\\\",\\\"https:\\\\/\\\\/via.placeholder.com\\\\/400x400?text=Image2\\\"]\"',32,4.1,280,'AMD','\"{\\\"Brand\\\":\\\"AMD\\\",\\\"Warranty\\\":\\\"1 Year\\\",\\\"Condition\\\":\\\"New\\\"}\"',0,1,'2025-11-25 11:41:58','2025-11-25 11:41:58'),(72,7,'Intel Core i5-14600K','intel-core-i5-14600k','High-quality Intel Core i5-14600K from Intel. Perfect for your gaming or professional setup.',319.99,299.99,'https://static0.xdaimages.com/wordpress/wp-content/uploads/2023/10/intel-core-i5-14600k.png','\"[\\\"https:\\\\/\\\\/via.placeholder.com\\\\/400x400?text=Image1\\\",\\\"https:\\\\/\\\\/via.placeholder.com\\\\/400x400?text=Image2\\\"]\"',38,4.1,385,'Intel','\"{\\\"Brand\\\":\\\"Intel\\\",\\\"Warranty\\\":\\\"1 Year\\\",\\\"Condition\\\":\\\"New\\\"}\"',0,1,'2025-11-25 11:41:58','2025-11-25 11:41:58'),(73,7,'AMD Ryzen 5 7600X','amd-ryzen-5-7600x','High-quality AMD Ryzen 5 7600X from AMD. Perfect for your gaming or professional setup.',299.99,NULL,'https://www.scan.co.uk/images/infopages/amd-cpu/7000series/ryzen5/topimg.png','\"[\\\"https:\\\\/\\\\/via.placeholder.com\\\\/400x400?text=Image1\\\",\\\"https:\\\\/\\\\/via.placeholder.com\\\\/400x400?text=Image2\\\"]\"',50,4.9,103,'AMD','\"{\\\"Brand\\\":\\\"AMD\\\",\\\"Warranty\\\":\\\"1 Year\\\",\\\"Condition\\\":\\\"New\\\"}\"',0,1,'2025-11-25 11:41:58','2025-11-25 11:41:58'),(74,7,'Intel Core i9-13900K','intel-core-i9-13900k','High-quality Intel Core i9-13900K from Intel. Perfect for your gaming or professional setup.',549.99,499.99,'https://cdn.inet.se/product/688x386/5306112_3.png','\"[\\\"https:\\\\/\\\\/via.placeholder.com\\\\/400x400?text=Image1\\\",\\\"https:\\\\/\\\\/via.placeholder.com\\\\/400x400?text=Image2\\\"]\"',32,3.8,68,'Intel','\"{\\\"Brand\\\":\\\"Intel\\\",\\\"Warranty\\\":\\\"1 Year\\\",\\\"Condition\\\":\\\"New\\\"}\"',1,1,'2025-11-25 11:41:58','2025-11-25 11:41:58'),(75,7,'AMD Ryzen 9 7900X','amd-ryzen-9-7900x','High-quality AMD Ryzen 9 7900X from AMD. Perfect for your gaming or professional setup.',549.99,NULL,'https://www.scan.co.uk/images/infopages/amd-cpu/7000series/ryzen9/topimg.png','\"[\\\"https:\\\\/\\\\/via.placeholder.com\\\\/400x400?text=Image1\\\",\\\"https:\\\\/\\\\/via.placeholder.com\\\\/400x400?text=Image2\\\"]\"',18,4.2,204,'AMD','\"{\\\"Brand\\\":\\\"AMD\\\",\\\"Warranty\\\":\\\"1 Year\\\",\\\"Condition\\\":\\\"New\\\"}\"',0,1,'2025-11-25 11:41:58','2025-11-25 11:41:58'),(76,7,'Intel Core i5-13600K','intel-core-i5-13600k','High-quality Intel Core i5-13600K from Intel. Perfect for your gaming or professional setup.',289.99,269.99,'https://cf-images.dustin.eu/cdn-cgi/image/fit=contain,format=auto,quality=75,width=828,fit=contain/image/d200001001808945/intel-core-i5-13600k-lga-1700-processor.png','\"[\\\"https:\\\\/\\\\/via.placeholder.com\\\\/400x400?text=Image1\\\",\\\"https:\\\\/\\\\/via.placeholder.com\\\\/400x400?text=Image2\\\"]\"',26,3.8,21,'Intel','\"{\\\"Brand\\\":\\\"Intel\\\",\\\"Warranty\\\":\\\"1 Year\\\",\\\"Condition\\\":\\\"New\\\"}\"',0,1,'2025-11-25 11:41:58','2025-11-25 11:41:58'),(77,7,'AMD Ryzen 7 7700X','amd-ryzen-7-7700x','High-quality AMD Ryzen 7 7700X from AMD. Perfect for your gaming or professional setup.',399.99,NULL,'https://www.scan.co.uk/images/infopages/amd-cpu/7000series/ryzen7/topimg.png','\"[\\\"https:\\\\/\\\\/via.placeholder.com\\\\/400x400?text=Image1\\\",\\\"https:\\\\/\\\\/via.placeholder.com\\\\/400x400?text=Image2\\\"]\"',29,4.0,275,'AMD','\"{\\\"Brand\\\":\\\"AMD\\\",\\\"Warranty\\\":\\\"1 Year\\\",\\\"Condition\\\":\\\"New\\\"}\"',1,1,'2025-11-25 11:41:58','2025-11-25 11:41:58'),(78,7,'Intel Core i3-14100','intel-core-i3-14100','High-quality Intel Core i3-14100 from Intel. Perfect for your gaming or professional setup.',149.99,139.99,'https://elitehubs.com/cdn/shop/files/Intel-i3-14100F-Processor_result_de1605f3-9331-4070-a62d-848539be0035.webp?v=1704884339&width=533','\"[\\\"https:\\\\/\\\\/via.placeholder.com\\\\/400x400?text=Image1\\\",\\\"https:\\\\/\\\\/via.placeholder.com\\\\/400x400?text=Image2\\\"]\"',19,4.2,169,'Intel','\"{\\\"Brand\\\":\\\"Intel\\\",\\\"Warranty\\\":\\\"1 Year\\\",\\\"Condition\\\":\\\"New\\\"}\"',1,1,'2025-11-25 11:41:58','2025-11-25 11:41:58'),(79,7,'AMD Ryzen 5 5600X','amd-ryzen-5-5600x','High-quality AMD Ryzen 5 5600X from AMD. Perfect for your gaming or professional setup.',199.99,NULL,'https://tech-u.pk/cdn/shop/files/R5_5600x_2.png?v=1727342876&width=416','\"[\\\"https:\\\\/\\\\/via.placeholder.com\\\\/400x400?text=Image1\\\",\\\"https:\\\\/\\\\/via.placeholder.com\\\\/400x400?text=Image2\\\"]\"',17,4.1,69,'AMD','\"{\\\"Brand\\\":\\\"AMD\\\",\\\"Warranty\\\":\\\"1 Year\\\",\\\"Condition\\\":\\\"New\\\"}\"',0,1,'2025-11-25 11:41:58','2025-11-25 11:41:58'),(80,7,'Intel Core i7-13700K','intel-core-i7-13700k','High-quality Intel Core i7-13700K from Intel. Perfect for your gaming or professional setup.',399.99,369.99,'https://lv4tech.com/wp-content/uploads/2023/08/13700k.png','\"[\\\"https:\\\\/\\\\/via.placeholder.com\\\\/400x400?text=Image1\\\",\\\"https:\\\\/\\\\/via.placeholder.com\\\\/400x400?text=Image2\\\"]\"',14,3.7,42,'Intel','\"{\\\"Brand\\\":\\\"Intel\\\",\\\"Warranty\\\":\\\"1 Year\\\",\\\"Condition\\\":\\\"New\\\"}\"',0,1,'2025-11-25 11:41:58','2025-11-25 11:41:58'),(81,7,'AMD Ryzen 9 5900X','amd-ryzen-9-5900x','High-quality AMD Ryzen 9 5900X from AMD. Perfect for your gaming or professional setup.',449.99,NULL,'https://product.hstatic.net/200000860097/product/2_1fe8c73f27924e948ab47f6e9f565977_master.png','\"[\\\"https:\\\\/\\\\/via.placeholder.com\\\\/400x400?text=Image1\\\",\\\"https:\\\\/\\\\/via.placeholder.com\\\\/400x400?text=Image2\\\"]\"',36,4.0,392,'AMD','\"{\\\"Brand\\\":\\\"AMD\\\",\\\"Warranty\\\":\\\"1 Year\\\",\\\"Condition\\\":\\\"New\\\"}\"',0,1,'2025-11-25 11:41:58','2025-11-25 11:41:58'),(82,7,'Intel Core i5-12600K','intel-core-i5-12600k','High-quality Intel Core i5-12600K from Intel. Perfect for your gaming or professional setup.',269.99,249.99,'https://static0.xdaimages.com/wordpress/wp-content/uploads/2023/03/intel-core-i5-12600k-cpu-product.png?q=50&fit=contain&w=420&dpr=1.5','\"[\\\"https:\\\\/\\\\/via.placeholder.com\\\\/400x400?text=Image1\\\",\\\"https:\\\\/\\\\/via.placeholder.com\\\\/400x400?text=Image2\\\"]\"',45,3.6,180,'Intel','\"{\\\"Brand\\\":\\\"Intel\\\",\\\"Warranty\\\":\\\"1 Year\\\",\\\"Condition\\\":\\\"New\\\"}\"',1,1,'2025-11-25 11:41:58','2025-11-25 11:41:58'),(83,8,'NVIDIA RTX 4090','nvidia-rtx-4090','High-quality NVIDIA RTX 4090 from NVIDIA. Perfect for your gaming or professional setup.',1599.99,NULL,'https://images.nvidia.com/aem-dam/Solutions/geforce/ada/news/rtx-40-series-graphics-cards-announcements/geforce-rtx-4090-product-photo-002.png','\"[\\\"https:\\\\/\\\\/via.placeholder.com\\\\/400x400?text=Image1\\\",\\\"https:\\\\/\\\\/via.placeholder.com\\\\/400x400?text=Image2\\\"]\"',7,4.1,164,'NVIDIA','\"{\\\"Brand\\\":\\\"NVIDIA\\\",\\\"Warranty\\\":\\\"1 Year\\\",\\\"Condition\\\":\\\"New\\\"}\"',1,1,'2025-11-25 11:41:58','2025-11-25 11:41:58'),(84,8,'AMD Radeon RX 7900 XTX','amd-radeon-rx-7900-xtx','High-quality AMD Radeon RX 7900 XTX from AMD. Perfect for your gaming or professional setup.',999.99,949.99,'https://static.gigabyte.com/StaticFile/Image/Global/df68c5863e046427671d3cf6d9a4d6e4/Product/32888/Png','\"[\\\"https:\\\\/\\\\/via.placeholder.com\\\\/400x400?text=Image1\\\",\\\"https:\\\\/\\\\/via.placeholder.com\\\\/400x400?text=Image2\\\"]\"',49,3.6,258,'AMD','\"{\\\"Brand\\\":\\\"AMD\\\",\\\"Warranty\\\":\\\"1 Year\\\",\\\"Condition\\\":\\\"New\\\"}\"',0,1,'2025-11-25 11:41:58','2025-11-25 11:41:58'),(85,8,'NVIDIA RTX 4080','nvidia-rtx-4080','High-quality NVIDIA RTX 4080 from NVIDIA. Perfect for your gaming or professional setup.',1199.99,NULL,'https://www.nvidia.com/content/dam/en-zz/Solutions/geforce/news/geforce-rtx-40-series-ultra-efficient-beyond-fast/nvidia-geforce-rtx-4080-ogimage.png','\"[\\\"https:\\\\/\\\\/via.placeholder.com\\\\/400x400?text=Image1\\\",\\\"https:\\\\/\\\\/via.placeholder.com\\\\/400x400?text=Image2\\\"]\"',32,3.7,344,'NVIDIA','\"{\\\"Brand\\\":\\\"NVIDIA\\\",\\\"Warranty\\\":\\\"1 Year\\\",\\\"Condition\\\":\\\"New\\\"}\"',0,1,'2025-11-25 11:41:58','2026-05-19 06:07:57'),(86,8,'AMD Radeon RX 7900 XT','amd-radeon-rx-7900-xt','High-quality AMD Radeon RX 7900 XT from AMD. Perfect for your gaming or professional setup.',899.99,849.99,'https://www.asrock.com/Graphics-Card/photo/Radeon%20RX%207900%20XT%2020GB(M1).png','\"[\\\"https:\\\\/\\\\/via.placeholder.com\\\\/400x400?text=Image1\\\",\\\"https:\\\\/\\\\/via.placeholder.com\\\\/400x400?text=Image2\\\"]\"',17,4.3,353,'AMD','\"{\\\"Brand\\\":\\\"AMD\\\",\\\"Warranty\\\":\\\"1 Year\\\",\\\"Condition\\\":\\\"New\\\"}\"',0,1,'2025-11-25 11:41:58','2025-11-25 11:41:58'),(87,8,'NVIDIA RTX 4070 Ti','nvidia-rtx-4070-ti','High-quality NVIDIA RTX 4070 Ti from NVIDIA. Perfect for your gaming or professional setup.',799.99,NULL,'https://www.24.lv/images/detailed/796/1024_jp7q-vp.png','\"[\\\"https:\\\\/\\\\/via.placeholder.com\\\\/400x400?text=Image1\\\",\\\"https:\\\\/\\\\/via.placeholder.com\\\\/400x400?text=Image2\\\"]\"',8,3.7,335,'NVIDIA','\"{\\\"Brand\\\":\\\"NVIDIA\\\",\\\"Warranty\\\":\\\"1 Year\\\",\\\"Condition\\\":\\\"New\\\"}\"',0,1,'2025-11-25 11:41:58','2025-11-25 11:41:58'),(88,8,'AMD Radeon RX 7800 XT','amd-radeon-rx-7800-xt','High-quality AMD Radeon RX 7800 XT from AMD. Perfect for your gaming or professional setup.',499.99,479.99,'https://static.gigabyte.com/StaticFile/Image/Global/369cb90b3cf9ca4b7b00802e3a1ce7b8/Product/36215/Png','\"[\\\"https:\\\\/\\\\/via.placeholder.com\\\\/400x400?text=Image1\\\",\\\"https:\\\\/\\\\/via.placeholder.com\\\\/400x400?text=Image2\\\"]\"',36,5.0,403,'AMD','\"{\\\"Brand\\\":\\\"AMD\\\",\\\"Warranty\\\":\\\"1 Year\\\",\\\"Condition\\\":\\\"New\\\"}\"',0,1,'2025-11-25 11:41:58','2025-11-25 11:41:58'),(89,8,'NVIDIA RTX 4070','nvidia-rtx-4070','High-quality NVIDIA RTX 4070 from NVIDIA. Perfect for your gaming or professional setup.',599.99,NULL,'https://www.24.lv/images/detailed/912/600.png','\"[\\\"https:\\\\/\\\\/via.placeholder.com\\\\/400x400?text=Image1\\\",\\\"https:\\\\/\\\\/via.placeholder.com\\\\/400x400?text=Image2\\\"]\"',26,4.2,400,'NVIDIA','\"{\\\"Brand\\\":\\\"NVIDIA\\\",\\\"Warranty\\\":\\\"1 Year\\\",\\\"Condition\\\":\\\"New\\\"}\"',0,1,'2025-11-25 11:41:58','2025-11-25 11:41:58'),(90,8,'AMD Radeon RX 7700 XT','amd-radeon-rx-7700-xt','High-quality AMD Radeon RX 7700 XT from AMD. Perfect for your gaming or professional setup.',449.99,429.99,'https://pg.asrock.com/Graphics-Card/photo/Radeon%20RX%207700%20XT%20Phantom%20Gaming%2012GB%20OC(L1).png','\"[\\\"https:\\\\/\\\\/via.placeholder.com\\\\/400x400?text=Image1\\\",\\\"https:\\\\/\\\\/via.placeholder.com\\\\/400x400?text=Image2\\\"]\"',32,5.0,240,'AMD','\"{\\\"Brand\\\":\\\"AMD\\\",\\\"Warranty\\\":\\\"1 Year\\\",\\\"Condition\\\":\\\"New\\\"}\"',1,1,'2025-11-25 11:41:58','2025-11-25 11:41:58'),(91,8,'NVIDIA RTX 4060 Ti','nvidia-rtx-4060-ti','High-quality NVIDIA RTX 4060 Ti from NVIDIA. Perfect for your gaming or professional setup.',399.99,NULL,'https://www.24.lv/images/detailed/835/Png.png','\"[\\\"https:\\\\/\\\\/via.placeholder.com\\\\/400x400?text=Image1\\\",\\\"https:\\\\/\\\\/via.placeholder.com\\\\/400x400?text=Image2\\\"]\"',14,4.9,143,'NVIDIA','\"{\\\"Brand\\\":\\\"NVIDIA\\\",\\\"Warranty\\\":\\\"1 Year\\\",\\\"Condition\\\":\\\"New\\\"}\"',1,1,'2025-11-25 11:41:58','2025-11-25 11:41:58'),(92,8,'AMD Radeon RX 7600','amd-radeon-rx-7600','High-quality AMD Radeon RX 7600 from AMD. Perfect for your gaming or professional setup.',269.99,249.99,'https://www.asrock.com/Graphics-Card/photo/Radeon%20RX%207600%20Challenger%208GB%20OC(M1).png','\"[\\\"https:\\\\/\\\\/via.placeholder.com\\\\/400x400?text=Image1\\\",\\\"https:\\\\/\\\\/via.placeholder.com\\\\/400x400?text=Image2\\\"]\"',43,4.3,94,'AMD','\"{\\\"Brand\\\":\\\"AMD\\\",\\\"Warranty\\\":\\\"1 Year\\\",\\\"Condition\\\":\\\"New\\\"}\"',1,1,'2025-11-25 11:41:58','2025-11-25 11:41:58'),(93,8,'NVIDIA RTX 3060','nvidia-rtx-3060','High-quality NVIDIA RTX 3060 from NVIDIA. Perfect for your gaming or professional setup.',329.99,NULL,'https://www.balticdata.lv/Gfx/ProductImages/Large/Product_75756_1.png','\"[\\\"https:\\\\/\\\\/via.placeholder.com\\\\/400x400?text=Image1\\\",\\\"https:\\\\/\\\\/via.placeholder.com\\\\/400x400?text=Image2\\\"]\"',16,4.9,65,'NVIDIA','\"{\\\"Brand\\\":\\\"NVIDIA\\\",\\\"Warranty\\\":\\\"1 Year\\\",\\\"Condition\\\":\\\"New\\\"}\"',0,1,'2025-11-25 11:41:58','2025-11-25 11:41:58'),(94,8,'AMD Radeon RX 6700 XT','amd-radeon-rx-6700-xt','High-quality AMD Radeon RX 6700 XT from AMD. Perfect for your gaming or professional setup.',379.99,349.99,'https://asset.msi.com/resize/image/global/product/product_1614765064dda58c374f663a0411409eec6976af38.png62405b38c58fe0f07fcef2367d8a9ba1/1024.png','\"[\\\"https:\\\\/\\\\/via.placeholder.com\\\\/400x400?text=Image1\\\",\\\"https:\\\\/\\\\/via.placeholder.com\\\\/400x400?text=Image2\\\"]\"',32,4.7,413,'AMD','\"{\\\"Brand\\\":\\\"AMD\\\",\\\"Warranty\\\":\\\"1 Year\\\",\\\"Condition\\\":\\\"New\\\"}\"',0,1,'2025-11-25 11:41:58','2025-11-25 11:41:58'),(95,8,'NVIDIA RTX 3070','nvidia-rtx-3070','High-quality NVIDIA RTX 3070 from NVIDIA. Perfect for your gaming or professional setup.',499.99,NULL,'https://www.24.lv/images/detailed/650/1000_asbv-jr.png','\"[\\\"https:\\\\/\\\\/via.placeholder.com\\\\/400x400?text=Image1\\\",\\\"https:\\\\/\\\\/via.placeholder.com\\\\/400x400?text=Image2\\\"]\"',41,4.7,267,'NVIDIA','\"{\\\"Brand\\\":\\\"NVIDIA\\\",\\\"Warranty\\\":\\\"1 Year\\\",\\\"Condition\\\":\\\"New\\\"}\"',1,1,'2025-11-25 11:41:58','2025-11-25 11:41:58'),(96,8,'AMD Radeon RX 6800 XT','amd-radeon-rx-6800-xt','High-quality AMD Radeon RX 6800 XT from AMD. Perfect for your gaming or professional setup.',649.99,599.99,'https://dlcdnwebimgs.asus.com/gain/7a6eab8e-99a2-487a-9ee1-8d61e8101add/','\"[\\\"https:\\\\/\\\\/via.placeholder.com\\\\/400x400?text=Image1\\\",\\\"https:\\\\/\\\\/via.placeholder.com\\\\/400x400?text=Image2\\\"]\"',31,4.0,410,'AMD','\"{\\\"Brand\\\":\\\"AMD\\\",\\\"Warranty\\\":\\\"1 Year\\\",\\\"Condition\\\":\\\"New\\\"}\"',0,1,'2025-11-25 11:41:58','2025-11-25 11:41:58'),(97,8,'NVIDIA RTX 3080','nvidia-rtx-3080','High-quality NVIDIA RTX 3080 from NVIDIA. Perfect for your gaming or professional setup.',699.99,NULL,'https://asset.msi.com/resize/image/global/product/product_16051683789c6e411042e9ef0f558376d40b4aa85f.png62405b38c58fe0f07fcef2367d8a9ba1/1024.png','\"[\\\"https:\\\\/\\\\/via.placeholder.com\\\\/400x400?text=Image1\\\",\\\"https:\\\\/\\\\/via.placeholder.com\\\\/400x400?text=Image2\\\"]\"',45,4.4,474,'NVIDIA','\"{\\\"Brand\\\":\\\"NVIDIA\\\",\\\"Warranty\\\":\\\"1 Year\\\",\\\"Condition\\\":\\\"New\\\"}\"',0,1,'2025-11-25 11:41:58','2025-11-25 11:41:58'),(98,9,'ASUS ROG Maximus Z790 Hero','asus-rog-maximus-z790-hero','High-quality ASUS ROG Maximus Z790 Hero from ASUS. Perfect for your gaming or professional setup.',629.99,589.99,'https://dlcdnwebimgs.asus.com/gain/A3777166-EF70-4D33-915B-EC65CF77CAE5/w1000/h732','\"[\\\"https:\\\\/\\\\/via.placeholder.com\\\\/400x400?text=Image1\\\",\\\"https:\\\\/\\\\/via.placeholder.com\\\\/400x400?text=Image2\\\"]\"',31,4.3,187,'ASUS','\"{\\\"Brand\\\":\\\"ASUS\\\",\\\"Warranty\\\":\\\"1 Year\\\",\\\"Condition\\\":\\\"New\\\"}\"',0,1,'2025-11-25 11:41:58','2025-11-25 11:41:58'),(99,9,'MSI MPG X670E Carbon WiFi','msi-mpg-x670e-carbon-wifi','High-quality MSI MPG X670E Carbon WiFi from MSI. Perfect for your gaming or professional setup.',449.99,NULL,'https://shop.villman.com/cdn/shop/files/4_0589b93a-da7f-4a40-b4c8-0a6445ed5190_800x.png?v=1715667451','\"[\\\"https:\\\\/\\\\/via.placeholder.com\\\\/400x400?text=Image1\\\",\\\"https:\\\\/\\\\/via.placeholder.com\\\\/400x400?text=Image2\\\"]\"',8,4.6,111,'MSI','\"{\\\"Brand\\\":\\\"MSI\\\",\\\"Warranty\\\":\\\"1 Year\\\",\\\"Condition\\\":\\\"New\\\"}\"',0,1,'2025-11-25 11:41:58','2026-05-19 06:07:57'),(100,9,'Gigabyte Z790 AORUS Master','gigabyte-z790-aorus-master','High-quality Gigabyte Z790 AORUS Master from Gigabyte. Perfect for your gaming or professional setup.',549.99,499.99,'https://www.gigabyte.com/Image/829/Product/32069/','\"[\\\"https:\\\\/\\\\/via.placeholder.com\\\\/400x400?text=Image1\\\",\\\"https:\\\\/\\\\/via.placeholder.com\\\\/400x400?text=Image2\\\"]\"',49,3.8,481,'Gigabyte','\"{\\\"Brand\\\":\\\"Gigabyte\\\",\\\"Warranty\\\":\\\"1 Year\\\",\\\"Condition\\\":\\\"New\\\"}\"',1,1,'2025-11-25 11:41:58','2025-11-25 11:41:58'),(101,9,'ASRock X670E Taichi','asrock-x670e-taichi','High-quality ASRock X670E Taichi from ASRock. Perfect for your gaming or professional setup.',499.99,NULL,'https://www.asrock.com/mb/features/heroMB-X870E%20Taichi%20Lite.png','\"[\\\"https:\\\\/\\\\/via.placeholder.com\\\\/400x400?text=Image1\\\",\\\"https:\\\\/\\\\/via.placeholder.com\\\\/400x400?text=Image2\\\"]\"',33,3.6,84,'ASRock','\"{\\\"Brand\\\":\\\"ASRock\\\",\\\"Warranty\\\":\\\"1 Year\\\",\\\"Condition\\\":\\\"New\\\"}\"',1,1,'2025-11-25 11:41:58','2025-11-25 11:41:58'),(102,9,'ASUS TUF Gaming Z790-Plus','asus-tuf-gaming-z790-plus','High-quality ASUS TUF Gaming Z790-Plus from ASUS. Perfect for your gaming or professional setup.',279.99,259.99,'https://dlcdnwebimgs.asus.com/gain/391f8852-89ee-4429-bf08-48b3be125099/w800','\"[\\\"https:\\\\/\\\\/via.placeholder.com\\\\/400x400?text=Image1\\\",\\\"https:\\\\/\\\\/via.placeholder.com\\\\/400x400?text=Image2\\\"]\"',27,4.0,363,'ASUS','\"{\\\"Brand\\\":\\\"ASUS\\\",\\\"Warranty\\\":\\\"1 Year\\\",\\\"Condition\\\":\\\"New\\\"}\"',1,1,'2025-11-25 11:41:58','2025-11-25 11:41:58'),(103,9,'MSI MAG B760 Tomahawk','msi-mag-b760-tomahawk','High-quality MSI MAG B760 Tomahawk from MSI. Perfect for your gaming or professional setup.',199.99,NULL,'https://www.balticdata.lv/Gfx/ProductImages/Large/Product_102733_1.png','\"[\\\"https:\\\\/\\\\/via.placeholder.com\\\\/400x400?text=Image1\\\",\\\"https:\\\\/\\\\/via.placeholder.com\\\\/400x400?text=Image2\\\"]\"',7,4.3,126,'MSI','\"{\\\"Brand\\\":\\\"MSI\\\",\\\"Warranty\\\":\\\"1 Year\\\",\\\"Condition\\\":\\\"New\\\"}\"',0,1,'2025-11-25 11:41:58','2025-11-25 11:41:58'),(104,9,'Gigabyte B650 AORUS Elite','gigabyte-b650-aorus-elite','High-quality Gigabyte B650 AORUS Elite from Gigabyte. Perfect for your gaming or professional setup.',229.99,209.99,'https://www.gigabyte.com/FileUpload/Global/KeyFeature/3577/innergigabyte/images/product/rgb/cover.png','\"[\\\"https:\\\\/\\\\/via.placeholder.com\\\\/400x400?text=Image1\\\",\\\"https:\\\\/\\\\/via.placeholder.com\\\\/400x400?text=Image2\\\"]\"',32,5.0,271,'Gigabyte','\"{\\\"Brand\\\":\\\"Gigabyte\\\",\\\"Warranty\\\":\\\"1 Year\\\",\\\"Condition\\\":\\\"New\\\"}\"',0,1,'2025-11-25 11:41:58','2025-11-25 11:41:58'),(105,9,'ASUS Prime Z690-P','asus-prime-z690-p','High-quality ASUS Prime Z690-P from ASUS. Perfect for your gaming or professional setup.',219.99,NULL,'https://dlcdnwebimgs.asus.com/gain/b384807e-6b83-43bb-bf0b-28f1ec75fb1c/','\"[\\\"https:\\\\/\\\\/via.placeholder.com\\\\/400x400?text=Image1\\\",\\\"https:\\\\/\\\\/via.placeholder.com\\\\/400x400?text=Image2\\\"]\"',48,3.5,271,'ASUS','\"{\\\"Brand\\\":\\\"ASUS\\\",\\\"Warranty\\\":\\\"1 Year\\\",\\\"Condition\\\":\\\"New\\\"}\"',1,1,'2025-11-25 11:41:58','2025-11-25 11:41:58'),(106,9,'MSI PRO B650-A WiFi','msi-pro-b650-a-wifi','High-quality MSI PRO B650-A WiFi from MSI. Perfect for your gaming or professional setup.',179.99,169.99,'https://storage-asset.msi.com/global/picture/image/feature/mb/B650/pro-b650-a-wifi/images/msi-pro_b650-a_wifi-kv-pd.png','\"[\\\"https:\\\\/\\\\/via.placeholder.com\\\\/400x400?text=Image1\\\",\\\"https:\\\\/\\\\/via.placeholder.com\\\\/400x400?text=Image2\\\"]\"',12,4.7,83,'MSI','\"{\\\"Brand\\\":\\\"MSI\\\",\\\"Warranty\\\":\\\"1 Year\\\",\\\"Condition\\\":\\\"New\\\"}\"',0,1,'2025-11-25 11:41:58','2025-11-25 11:41:58'),(107,9,'ASRock B660M Pro RS','asrock-b660m-pro-rs','High-quality ASRock B660M Pro RS from ASRock. Perfect for your gaming or professional setup.',119.99,NULL,'https://206.wpcdnnode.com/dealstunter.nl/wp-content/uploads/2025/05/asrock-b660-pro-rs-bovenaanzicht.png','\"[\\\"https:\\\\/\\\\/via.placeholder.com\\\\/400x400?text=Image1\\\",\\\"https:\\\\/\\\\/via.placeholder.com\\\\/400x400?text=Image2\\\"]\"',30,5.0,48,'ASRock','\"{\\\"Brand\\\":\\\"ASRock\\\",\\\"Warranty\\\":\\\"1 Year\\\",\\\"Condition\\\":\\\"New\\\"}\"',1,1,'2025-11-25 11:41:58','2025-11-25 11:41:58'),(108,10,'Corsair Vengeance RGB 32GB DDR5','corsair-vengeance-rgb-32gb-ddr5','High-quality Corsair Vengeance RGB 32GB DDR5 from Corsair. Perfect for your gaming or professional setup.',179.99,159.99,'https://assets.corsair.com/image/upload/c_pad,q_auto,h_1024,w_1024,f_auto/products/Memory/vengeance-rgb-ddr5-blk-config/Gallery/Vengeance-RGB-DDR5-2UP-BLACK_01.webp','\"[\\\"https:\\\\/\\\\/via.placeholder.com\\\\/400x400?text=Image1\\\",\\\"https:\\\\/\\\\/via.placeholder.com\\\\/400x400?text=Image2\\\"]\"',10,3.8,293,'Corsair','\"{\\\"Brand\\\":\\\"Corsair\\\",\\\"Warranty\\\":\\\"1 Year\\\",\\\"Condition\\\":\\\"New\\\"}\"',1,1,'2025-11-25 11:41:58','2026-05-19 06:07:57'),(109,10,'G.Skill Trident Z5 32GB DDR5','gskill-trident-z5-32gb-ddr5','High-quality G.Skill Trident Z5 32GB DDR5 from G.Skill. Perfect for your gaming or professional setup.',189.99,NULL,'https://bm.market/upload-files/172485379773ff4a931cf7aa8b30c0356ed437f94a99b5f175.jpg','\"[\\\"https:\\\\/\\\\/via.placeholder.com\\\\/400x400?text=Image1\\\",\\\"https:\\\\/\\\\/via.placeholder.com\\\\/400x400?text=Image2\\\"]\"',42,4.6,404,'G.Skill','\"{\\\"Brand\\\":\\\"G.Skill\\\",\\\"Warranty\\\":\\\"1 Year\\\",\\\"Condition\\\":\\\"New\\\"}\"',0,1,'2025-11-25 11:41:58','2025-11-25 11:41:58'),(110,10,'Kingston Fury Beast 32GB DDR5','kingston-fury-beast-32gb-ddr5','High-quality Kingston Fury Beast 32GB DDR5 from Kingston. Perfect for your gaming or professional setup.',149.99,139.99,'https://osiriss.lv/image/cache/catalog/as_image/pimg/s/resize/600x600x900x900/250625100010883018-1000x1000.png','\"[\\\"https:\\\\/\\\\/via.placeholder.com\\\\/400x400?text=Image1\\\",\\\"https:\\\\/\\\\/via.placeholder.com\\\\/400x400?text=Image2\\\"]\"',6,4.7,354,'Kingston','\"{\\\"Brand\\\":\\\"Kingston\\\",\\\"Warranty\\\":\\\"1 Year\\\",\\\"Condition\\\":\\\"New\\\"}\"',0,1,'2025-11-25 11:41:58','2025-11-25 11:41:58'),(111,10,'Corsair Dominator Platinum 64GB DDR5','corsair-dominator-platinum-64gb-ddr5','High-quality Corsair Dominator Platinum 64GB DDR5 from Corsair. Perfect for your gaming or professional setup.',349.99,NULL,'https://assets.corsair.com/image/upload/c_pad,q_85,h_1100,w_1100,f_auto/products/Memory/CMT64GX5M2B5200C40W/Gallery/DOMINATOR_RGB_PLATINUM_WHT_DDR5_01.webp','\"[\\\"https:\\\\/\\\\/via.placeholder.com\\\\/400x400?text=Image1\\\",\\\"https:\\\\/\\\\/via.placeholder.com\\\\/400x400?text=Image2\\\"]\"',30,3.5,462,'Corsair','\"{\\\"Brand\\\":\\\"Corsair\\\",\\\"Warranty\\\":\\\"1 Year\\\",\\\"Condition\\\":\\\"New\\\"}\"',1,1,'2025-11-25 11:41:58','2025-11-25 11:41:58'),(112,10,'G.Skill Ripjaws V 32GB DDR4','gskill-ripjaws-v-32gb-ddr4','High-quality G.Skill Ripjaws V 32GB DDR4 from G.Skill. Perfect for your gaming or professional setup.',89.99,79.99,'https://www.gskill.com/_upload/images/153611092210.png','\"[\\\"https:\\\\/\\\\/via.placeholder.com\\\\/400x400?text=Image1\\\",\\\"https:\\\\/\\\\/via.placeholder.com\\\\/400x400?text=Image2\\\"]\"',44,5.0,86,'G.Skill','\"{\\\"Brand\\\":\\\"G.Skill\\\",\\\"Warranty\\\":\\\"1 Year\\\",\\\"Condition\\\":\\\"New\\\"}\"',1,1,'2025-11-25 11:41:58','2025-11-25 11:41:58'),(113,10,'Corsair Vengeance LPX 16GB DDR4','corsair-vengeance-lpx-16gb-ddr4','High-quality Corsair Vengeance LPX 16GB DDR4 from Corsair. Perfect for your gaming or professional setup.',49.99,NULL,'https://static.m79.lv/prod_img2/060919l8h5k2p7m7i0b2q3t6j926653l88.jpg','\"[\\\"https:\\\\/\\\\/via.placeholder.com\\\\/400x400?text=Image1\\\",\\\"https:\\\\/\\\\/via.placeholder.com\\\\/400x400?text=Image2\\\"]\"',47,4.7,433,'Corsair','\"{\\\"Brand\\\":\\\"Corsair\\\",\\\"Warranty\\\":\\\"1 Year\\\",\\\"Condition\\\":\\\"New\\\"}\"',0,1,'2025-11-25 11:41:58','2025-11-25 11:41:58'),(114,10,'Kingston Fury Beast 16GB DDR4','kingston-fury-beast-16gb-ddr4','High-quality Kingston Fury Beast 16GB DDR4 from Kingston. Perfect for your gaming or professional setup.',54.99,47.99,'https://osiriss.lv/image/cache/catalog/as_image/pimg/s/resize/600x600x900x900/240320150027616754-1000x1000.png','\"[\\\"https:\\\\/\\\\/via.placeholder.com\\\\/400x400?text=Image1\\\",\\\"https:\\\\/\\\\/via.placeholder.com\\\\/400x400?text=Image2\\\"]\"',11,3.9,257,'Kingston','\"{\\\"Brand\\\":\\\"Kingston\\\",\\\"Warranty\\\":\\\"1 Year\\\",\\\"Condition\\\":\\\"New\\\"}\"',0,1,'2025-11-25 11:41:58','2025-11-25 11:41:58'),(115,10,'Crucial Ballistix 32GB DDR4','crucial-ballistix-32gb-ddr4','High-quality Crucial Ballistix 32GB DDR4 from Crucial. Perfect for your gaming or professional setup.',99.99,NULL,'https://img.overclockers.co.uk/lp/210928-crucial-ballistix/210927-ballistix-mem.png','\"[\\\"https:\\\\/\\\\/via.placeholder.com\\\\/400x400?text=Image1\\\",\\\"https:\\\\/\\\\/via.placeholder.com\\\\/400x400?text=Image2\\\"]\"',48,4.4,309,'Crucial','\"{\\\"Brand\\\":\\\"Crucial\\\",\\\"Warranty\\\":\\\"1 Year\\\",\\\"Condition\\\":\\\"New\\\"}\"',0,1,'2025-11-25 11:41:58','2025-11-25 11:41:58'),(116,10,'TeamGroup T-Force Delta 16GB DDR4','teamgroup-t-force-delta-16gb-ddr4','High-quality TeamGroup T-Force Delta 16GB DDR4 from TeamGroup. Perfect for your gaming or professional setup.',59.99,52.99,'https://crm.pcbyjc.com/uploads/product-imgs/pic3/webp_400_400/t-force-delta-rgb-ddr4-gaming-16x2-32gb-3200-mhz.webp','\"[\\\"https:\\\\/\\\\/via.placeholder.com\\\\/400x400?text=Image1\\\",\\\"https:\\\\/\\\\/via.placeholder.com\\\\/400x400?text=Image2\\\"]\"',18,3.7,398,'TeamGroup','\"{\\\"Brand\\\":\\\"TeamGroup\\\",\\\"Warranty\\\":\\\"1 Year\\\",\\\"Condition\\\":\\\"New\\\"}\"',1,1,'2025-11-25 11:41:58','2025-11-25 11:41:58'),(117,10,'ADATA XPG Spectrix 32GB DDR4','adata-xpg-spectrix-32gb-ddr4','High-quality ADATA XPG Spectrix 32GB DDR4 from ADATA. Perfect for your gaming or professional setup.',109.99,NULL,'https://swapnainfotech.com/cdn/shop/files/AX4U320016G16A-DTBKD35G-transformed.webp?v=1736515990','\"[\\\"https:\\\\/\\\\/via.placeholder.com\\\\/400x400?text=Image1\\\",\\\"https:\\\\/\\\\/via.placeholder.com\\\\/400x400?text=Image2\\\"]\"',33,4.6,18,'ADATA','\"{\\\"Brand\\\":\\\"ADATA\\\",\\\"Warranty\\\":\\\"1 Year\\\",\\\"Condition\\\":\\\"New\\\"}\"',1,1,'2025-11-25 11:41:58','2025-11-25 11:41:58'),(118,11,'Samsung 990 PRO 2TB NVMe SSD','samsung-990-pro-2tb-nvme-ssd','High-quality Samsung 990 PRO 2TB NVMe SSD from Samsung. Perfect for your gaming or professional setup.',199.99,179.99,'https://cloudninjas.com/cdn/shop/files/MZ-V9P2T0B-AM-990Pro-angle_1200x1200.png?v=1726262727','\"[\\\"https:\\\\/\\\\/via.placeholder.com\\\\/400x400?text=Image1\\\",\\\"https:\\\\/\\\\/via.placeholder.com\\\\/400x400?text=Image2\\\"]\"',26,4.4,350,'Samsung','\"{\\\"Brand\\\":\\\"Samsung\\\",\\\"Warranty\\\":\\\"1 Year\\\",\\\"Condition\\\":\\\"New\\\"}\"',0,1,'2025-11-25 11:41:58','2026-05-19 06:07:57'),(119,11,'WD Black SN850X 1TB NVMe SSD','wd-black-sn850x-1tb-nvme-ssd','High-quality WD Black SN850X 1TB NVMe SSD from Western Digital. Perfect for your gaming or professional setup.',119.99,NULL,'https://cdn0.it4profit.com/s3size/el:t/f:webp/h:900/rt:fill/w:900/plain/s3://cms/product/f9/d3/f9d34455efb9de595a8486a9b3c58b9d/240930110531552949.webp','\"[\\\"https:\\\\/\\\\/via.placeholder.com\\\\/400x400?text=Image1\\\",\\\"https:\\\\/\\\\/via.placeholder.com\\\\/400x400?text=Image2\\\"]\"',6,4.3,119,'Western Digital','\"{\\\"Brand\\\":\\\"Western Digital\\\",\\\"Warranty\\\":\\\"1 Year\\\",\\\"Condition\\\":\\\"New\\\"}\"',0,1,'2025-11-25 11:41:58','2025-11-25 11:41:58'),(120,11,'Crucial P5 Plus 1TB NVMe SSD','crucial-p5-plus-1tb-nvme-ssd','High-quality Crucial P5 Plus 1TB NVMe SSD from Crucial. Perfect for your gaming or professional setup.',89.99,79.99,'https://cdn.wisp.net.au/5022-large_default/ssd-ct1000p5pssd8.jpg','\"[\\\"https:\\\\/\\\\/via.placeholder.com\\\\/400x400?text=Image1\\\",\\\"https:\\\\/\\\\/via.placeholder.com\\\\/400x400?text=Image2\\\"]\"',24,3.7,95,'Crucial','\"{\\\"Brand\\\":\\\"Crucial\\\",\\\"Warranty\\\":\\\"1 Year\\\",\\\"Condition\\\":\\\"New\\\"}\"',0,1,'2025-11-25 11:41:58','2025-11-25 11:41:58'),(121,11,'Samsung 870 EVO 1TB SATA SSD','samsung-870-evo-1tb-sata-ssd','High-quality Samsung 870 EVO 1TB SATA SSD from Samsung. Perfect for your gaming or professional setup.',99.99,NULL,'https://img.telemart.ua/342195-490927-product_popup/samsung-870-evo-v-nand-mlc-1tb-25-mz-77e1t0bw.png','\"[\\\"https:\\\\/\\\\/via.placeholder.com\\\\/400x400?text=Image1\\\",\\\"https:\\\\/\\\\/via.placeholder.com\\\\/400x400?text=Image2\\\"]\"',45,4.3,19,'Samsung','\"{\\\"Brand\\\":\\\"Samsung\\\",\\\"Warranty\\\":\\\"1 Year\\\",\\\"Condition\\\":\\\"New\\\"}\"',0,1,'2025-11-25 11:41:58','2025-11-25 11:41:58'),(122,11,'Kingston KC3000 2TB NVMe SSD','kingston-kc3000-2tb-nvme-ssd','High-quality Kingston KC3000 2TB NVMe SSD from Kingston. Perfect for your gaming or professional setup.',169.99,149.99,'https://osiriss.lv/image/cache/catalog/as_image/pimg/s/resize/600x600x900x900/211215150011324179-1000x1000.png','\"[\\\"https:\\\\/\\\\/via.placeholder.com\\\\/400x400?text=Image1\\\",\\\"https:\\\\/\\\\/via.placeholder.com\\\\/400x400?text=Image2\\\"]\"',48,4.1,316,'Kingston','\"{\\\"Brand\\\":\\\"Kingston\\\",\\\"Warranty\\\":\\\"1 Year\\\",\\\"Condition\\\":\\\"New\\\"}\"',1,1,'2025-11-25 11:41:58','2025-11-25 11:41:58'),(123,11,'Seagate BarraCuda 4TB HDD','seagate-barracuda-4tb-hdd','High-quality Seagate BarraCuda 4TB HDD from Seagate. Perfect for your gaming or professional setup.',89.99,NULL,'https://www.seagate.com/content/dam/seagate/migrated-assets/www-content/products/hard-drives/barracuda-hard-drive/_shared/images/barracuda-3-5-4tb-hero-left-400x400.png','\"[\\\"https:\\\\/\\\\/via.placeholder.com\\\\/400x400?text=Image1\\\",\\\"https:\\\\/\\\\/via.placeholder.com\\\\/400x400?text=Image2\\\"]\"',32,3.7,38,'Seagate','\"{\\\"Brand\\\":\\\"Seagate\\\",\\\"Warranty\\\":\\\"1 Year\\\",\\\"Condition\\\":\\\"New\\\"}\"',1,1,'2025-11-25 11:41:58','2025-11-25 11:41:58'),(124,11,'WD Blue 2TB HDD','wd-blue-2tb-hdd','High-quality WD Blue 2TB HDD from Western Digital. Perfect for your gaming or professional setup.',54.99,49.99,'https://www.westerndigital.com/content/dam/store/en-us/assets/products/internal-storage/wd-blue-desktop-sata-hdd/gallery/wd-blue-pc-desktop-hard-drive-1tb.png','\"[\\\"https:\\\\/\\\\/via.placeholder.com\\\\/400x400?text=Image1\\\",\\\"https:\\\\/\\\\/via.placeholder.com\\\\/400x400?text=Image2\\\"]\"',25,3.6,446,'Western Digital','\"{\\\"Brand\\\":\\\"Western Digital\\\",\\\"Warranty\\\":\\\"1 Year\\\",\\\"Condition\\\":\\\"New\\\"}\"',1,1,'2025-11-25 11:41:58','2025-11-25 11:41:58'),(125,11,'Seagate IronWolf 8TB NAS HDD','seagate-ironwolf-8tb-nas-hdd','High-quality Seagate IronWolf 8TB NAS HDD from Seagate. Perfect for your gaming or professional setup.',219.99,NULL,'https://cdn.nasstore.eu/wp-content/uploads/2022/06/ironwolf-8tb-front-product-detail-image_l.png','\"[\\\"https:\\\\/\\\\/via.placeholder.com\\\\/400x400?text=Image1\\\",\\\"https:\\\\/\\\\/via.placeholder.com\\\\/400x400?text=Image2\\\"]\"',35,4.4,267,'Seagate','\"{\\\"Brand\\\":\\\"Seagate\\\",\\\"Warranty\\\":\\\"1 Year\\\",\\\"Condition\\\":\\\"New\\\"}\"',1,1,'2025-11-25 11:41:58','2025-11-25 11:41:58'),(126,11,'Crucial MX500 500GB SATA SSD','crucial-mx500-500gb-sata-ssd','High-quality Crucial MX500 500GB SATA SSD from Crucial. Perfect for your gaming or professional setup.',49.99,44.99,'https://eu.crucial.com/content/dam/crucial/ssd-products/mx500/images/product/crucial-mx500-2-5inch-product-dynamic-1-image.psd.transform/small-png/img.png','\"[\\\"https:\\\\/\\\\/via.placeholder.com\\\\/400x400?text=Image1\\\",\\\"https:\\\\/\\\\/via.placeholder.com\\\\/400x400?text=Image2\\\"]\"',29,4.7,183,'Crucial','\"{\\\"Brand\\\":\\\"Crucial\\\",\\\"Warranty\\\":\\\"1 Year\\\",\\\"Condition\\\":\\\"New\\\"}\"',0,1,'2025-11-25 11:41:58','2025-11-25 11:41:58'),(127,11,'Sabrent Rocket 4 Plus 4TB NVMe','sabrent-rocket-4-plus-4tb-nvme','High-quality Sabrent Rocket 4 Plus 4TB NVMe from Sabrent. Perfect for your gaming or professional setup.',399.99,NULL,'https://www.scan.co.uk/images/infopages/sabrent_ssd/rocket4plus_G/4tb.png','\"[\\\"https:\\\\/\\\\/via.placeholder.com\\\\/400x400?text=Image1\\\",\\\"https:\\\\/\\\\/via.placeholder.com\\\\/400x400?text=Image2\\\"]\"',17,4.8,125,'Sabrent','\"{\\\"Brand\\\":\\\"Sabrent\\\",\\\"Warranty\\\":\\\"1 Year\\\",\\\"Condition\\\":\\\"New\\\"}\"',0,1,'2025-11-25 11:41:58','2025-11-25 11:41:58'),(128,12,'Corsair RM850x 850W 80+ Gold','corsair-rm850x-850w-80-gold','High-quality Corsair RM850x 850W 80+ Gold from Corsair. Perfect for your gaming or professional setup.',149.99,134.99,'https://assets.corsair.com/image/upload/akamai/pdp/rmx2021/images/rm850x_hero.png','\"[\\\"https:\\\\/\\\\/via.placeholder.com\\\\/400x400?text=Image1\\\",\\\"https:\\\\/\\\\/via.placeholder.com\\\\/400x400?text=Image2\\\"]\"',6,3.9,289,'Corsair','\"{\\\"Brand\\\":\\\"Corsair\\\",\\\"Warranty\\\":\\\"1 Year\\\",\\\"Condition\\\":\\\"New\\\"}\"',0,1,'2025-11-25 11:41:58','2025-11-25 11:41:58'),(129,12,'EVGA SuperNOVA 1000 G6 1000W','evga-supernova-1000-g6-1000w','High-quality EVGA SuperNOVA 1000 G6 1000W from EVGA. Perfect for your gaming or professional setup.',199.99,NULL,'https://images.evga.com/products/gallery/png/220-G6-1000-X1_XL_4.png','\"[\\\"https:\\\\/\\\\/via.placeholder.com\\\\/400x400?text=Image1\\\",\\\"https:\\\\/\\\\/via.placeholder.com\\\\/400x400?text=Image2\\\"]\"',48,5.0,360,'EVGA','\"{\\\"Brand\\\":\\\"EVGA\\\",\\\"Warranty\\\":\\\"1 Year\\\",\\\"Condition\\\":\\\"New\\\"}\"',0,1,'2025-11-25 11:41:58','2025-11-25 11:41:58'),(130,12,'Seasonic Focus GX-750 750W','seasonic-focus-gx-750-750w','High-quality Seasonic Focus GX-750 750W from Seasonic. Perfect for your gaming or professional setup.',119.99,109.99,'https://media.arvutitark.ee/XkNyl2jAGGyfSYhR4jVkWp6dBkM=/trim/fit-in/800x800/https%3A%2F%2Fcms.arvutitark.ee%2Fstorage%2Fmedia-hub-cms%2F2024%2F10%2F666161%2FATX3-1-FOCUS-GX-750-Connector-Plate-Angled-1462x1080.webp','\"[\\\"https:\\\\/\\\\/via.placeholder.com\\\\/400x400?text=Image1\\\",\\\"https:\\\\/\\\\/via.placeholder.com\\\\/400x400?text=Image2\\\"]\"',31,4.4,89,'Seasonic','\"{\\\"Brand\\\":\\\"Seasonic\\\",\\\"Warranty\\\":\\\"1 Year\\\",\\\"Condition\\\":\\\"New\\\"}\"',0,1,'2025-11-25 11:41:58','2026-05-19 06:07:57'),(131,12,'be quiet! Straight Power 11 850W','be-quiet-straight-power-11-850w','High-quality be quiet! Straight Power 11 850W from be quiet!. Perfect for your gaming or professional setup.',159.99,NULL,'https://lv4tech.com/wp-content/uploads/2023/11/bn824-1.png','\"[\\\"https:\\\\/\\\\/via.placeholder.com\\\\/400x400?text=Image1\\\",\\\"https:\\\\/\\\\/via.placeholder.com\\\\/400x400?text=Image2\\\"]\"',29,3.9,190,'be quiet!','\"{\\\"Brand\\\":\\\"be quiet!\\\",\\\"Warranty\\\":\\\"1 Year\\\",\\\"Condition\\\":\\\"New\\\"}\"',0,1,'2025-11-25 11:41:58','2025-11-25 11:41:58'),(132,12,'Thermaltake Toughpower GF1 650W','thermaltake-toughpower-gf1-650w','High-quality Thermaltake Toughpower GF1 650W from Thermaltake. Perfect for your gaming or professional setup.',99.99,89.99,'https://www.scan.co.uk/images/infopages/thermaltake/toughpowergf1/norgb750/fan.png','\"[\\\"https:\\\\/\\\\/via.placeholder.com\\\\/400x400?text=Image1\\\",\\\"https:\\\\/\\\\/via.placeholder.com\\\\/400x400?text=Image2\\\"]\"',20,4.7,55,'Thermaltake','\"{\\\"Brand\\\":\\\"Thermaltake\\\",\\\"Warranty\\\":\\\"1 Year\\\",\\\"Condition\\\":\\\"New\\\"}\"',1,1,'2025-11-25 11:41:58','2025-11-25 11:41:58'),(133,12,'Cooler Master V850 SFX Gold','cooler-master-v850-sfx-gold','High-quality Cooler Master V850 SFX Gold from Cooler Master. Perfect for your gaming or professional setup.',139.99,NULL,'https://a.storyblok.com/f/281110/6e83a0aa81/v850-sfx-gold-gallery-3.png/m/960x0/smart','\"[\\\"https:\\\\/\\\\/via.placeholder.com\\\\/400x400?text=Image1\\\",\\\"https:\\\\/\\\\/via.placeholder.com\\\\/400x400?text=Image2\\\"]\"',19,4.4,233,'Cooler Master','\"{\\\"Brand\\\":\\\"Cooler Master\\\",\\\"Warranty\\\":\\\"1 Year\\\",\\\"Condition\\\":\\\"New\\\"}\"',1,1,'2025-11-25 11:41:58','2025-11-25 11:41:58'),(134,12,'ASUS ROG Thor 1200W Platinum','asus-rog-thor-1200w-platinum','High-quality ASUS ROG Thor 1200W Platinum from ASUS. Perfect for your gaming or professional setup.',349.99,319.99,'https://dlcdnwebimgs.asus.com/gain/9EF5DAC6-BCC2-4874-A205-C624C3EFC50A','\"[\\\"https:\\\\/\\\\/via.placeholder.com\\\\/400x400?text=Image1\\\",\\\"https:\\\\/\\\\/via.placeholder.com\\\\/400x400?text=Image2\\\"]\"',27,4.5,368,'ASUS','\"{\\\"Brand\\\":\\\"ASUS\\\",\\\"Warranty\\\":\\\"1 Year\\\",\\\"Condition\\\":\\\"New\\\"}\"',0,1,'2025-11-25 11:41:58','2025-11-25 11:41:58'),(135,12,'MSI MPG A750GF 750W 80+ Gold','msi-mpg-a750gf-750w-80-gold','High-quality MSI MPG A750GF 750W 80+ Gold from MSI. Perfect for your gaming or professional setup.',109.99,NULL,'https://asset.msi.com/resize/image/global/product/product_0_20200826101413_5f45c575233ff.png62405b38c58fe0f07fcef2367d8a9ba1/600.png','\"[\\\"https:\\\\/\\\\/via.placeholder.com\\\\/400x400?text=Image1\\\",\\\"https:\\\\/\\\\/via.placeholder.com\\\\/400x400?text=Image2\\\"]\"',27,4.4,100,'MSI','\"{\\\"Brand\\\":\\\"MSI\\\",\\\"Warranty\\\":\\\"1 Year\\\",\\\"Condition\\\":\\\"New\\\"}\"',1,1,'2025-11-25 11:41:58','2025-11-25 11:41:58'),(136,13,'NZXT H510 Elite','nzxt-h510-elite','High-quality NZXT H510 Elite from NZXT. Perfect for your gaming or professional setup.',149.99,129.99,'https://www.topmarket.co.il/images/detailed/77/rzopB7d9cK.png','\"[\\\"https:\\\\/\\\\/via.placeholder.com\\\\/400x400?text=Image1\\\",\\\"https:\\\\/\\\\/via.placeholder.com\\\\/400x400?text=Image2\\\"]\"',34,4.3,305,'NZXT','\"{\\\"Brand\\\":\\\"NZXT\\\",\\\"Warranty\\\":\\\"1 Year\\\",\\\"Condition\\\":\\\"New\\\"}\"',1,1,'2025-11-25 11:41:58','2025-11-25 11:41:58'),(137,13,'Corsair 4000D Airflow','corsair-4000d-airflow','High-quality Corsair 4000D Airflow from Corsair. Perfect for your gaming or professional setup.',104.99,NULL,'https://assets.corsair.com/image/upload/c_pad,q_auto,h_1024,w_1024,f_auto/products/Cases/base-4000d-airflow-config/Gallery/4000D_AF_BLACK_01.webp','\"[\\\"https:\\\\/\\\\/via.placeholder.com\\\\/400x400?text=Image1\\\",\\\"https:\\\\/\\\\/via.placeholder.com\\\\/400x400?text=Image2\\\"]\"',45,4.7,213,'Corsair','\"{\\\"Brand\\\":\\\"Corsair\\\",\\\"Warranty\\\":\\\"1 Year\\\",\\\"Condition\\\":\\\"New\\\"}\"',1,1,'2025-11-25 11:41:58','2026-05-19 06:07:57'),(138,13,'Lian Li O11 Dynamic EVO','lian-li-o11-dynamic-evo','High-quality Lian Li O11 Dynamic EVO from Lian Li. Perfect for your gaming or professional setup.',169.99,154.99,'https://img.overclockers.co.uk/images/CAS-LIA-01220/cf70b1897644e96d5b5158aa86ba2a3d.jpg','\"[\\\"https:\\\\/\\\\/via.placeholder.com\\\\/400x400?text=Image1\\\",\\\"https:\\\\/\\\\/via.placeholder.com\\\\/400x400?text=Image2\\\"]\"',28,4.4,336,'Lian Li','\"{\\\"Brand\\\":\\\"Lian Li\\\",\\\"Warranty\\\":\\\"1 Year\\\",\\\"Condition\\\":\\\"New\\\"}\"',0,1,'2025-11-25 11:41:58','2025-11-25 11:41:58'),(139,13,'Fractal Design Meshify C','fractal-design-meshify-c','High-quality Fractal Design Meshify C from Fractal Design. Perfect for your gaming or professional setup.',99.99,NULL,'https://promotions.newegg.com/NEemail/Oct-0-2020/TechOrTreat_oue8ed_27/img/items/11-352-087.png','\"[\\\"https:\\\\/\\\\/via.placeholder.com\\\\/400x400?text=Image1\\\",\\\"https:\\\\/\\\\/via.placeholder.com\\\\/400x400?text=Image2\\\"]\"',35,4.4,324,'Fractal Design','\"{\\\"Brand\\\":\\\"Fractal Design\\\",\\\"Warranty\\\":\\\"1 Year\\\",\\\"Condition\\\":\\\"New\\\"}\"',1,1,'2025-11-25 11:41:58','2025-11-25 11:41:58'),(140,13,'be quiet! Pure Base 500DX','be-quiet-pure-base-500dx','High-quality be quiet! Pure Base 500DX from be quiet!. Perfect for your gaming or professional setup.',109.99,99.99,'https://gamingpc.com.ua/image/cache/component-description/20275f3000caea4c7288b07faa3a3be7-590.webp','\"[\\\"https:\\\\/\\\\/via.placeholder.com\\\\/400x400?text=Image1\\\",\\\"https:\\\\/\\\\/via.placeholder.com\\\\/400x400?text=Image2\\\"]\"',41,4.6,313,'be quiet!','\"{\\\"Brand\\\":\\\"be quiet!\\\",\\\"Warranty\\\":\\\"1 Year\\\",\\\"Condition\\\":\\\"New\\\"}\"',0,1,'2025-11-25 11:41:58','2025-11-25 11:41:58'),(141,13,'Cooler Master H500','cooler-master-h500','High-quality Cooler Master H500 from Cooler Master. Perfect for your gaming or professional setup.',119.99,NULL,'https://a.storyblok.com/f/281110/a28013f427/mch500_g1.png/m/960x0/smart','\"[\\\"https:\\\\/\\\\/via.placeholder.com\\\\/400x400?text=Image1\\\",\\\"https:\\\\/\\\\/via.placeholder.com\\\\/400x400?text=Image2\\\"]\"',15,4.0,367,'Cooler Master','\"{\\\"Brand\\\":\\\"Cooler Master\\\",\\\"Warranty\\\":\\\"1 Year\\\",\\\"Condition\\\":\\\"New\\\"}\"',0,1,'2025-11-25 11:41:58','2025-11-25 11:41:58'),(142,13,'Phanteks Eclipse P400A','phanteks-eclipse-p400a','High-quality Phanteks Eclipse P400A from Phanteks. Perfect for your gaming or professional setup.',89.99,79.99,'https://cdn.shopify.com/s/files/1/0651/6670/4885/files/Eclipse-G370A_Black_01-scaled_600x.webp?v=1751543471','\"[\\\"https:\\\\/\\\\/via.placeholder.com\\\\/400x400?text=Image1\\\",\\\"https:\\\\/\\\\/via.placeholder.com\\\\/400x400?text=Image2\\\"]\"',7,3.7,97,'Phanteks','\"{\\\"Brand\\\":\\\"Phanteks\\\",\\\"Warranty\\\":\\\"1 Year\\\",\\\"Condition\\\":\\\"New\\\"}\"',1,1,'2025-11-25 11:41:58','2025-11-25 11:41:58'),(143,13,'Thermaltake View 71 TG RGB','thermaltake-view-71-tg-rgb','High-quality Thermaltake View 71 TG RGB from Thermaltake. Perfect for your gaming or professional setup.',179.99,NULL,'https://www.avadirect.com/Pictures/500/11495336_7.png','\"[\\\"https:\\\\/\\\\/via.placeholder.com\\\\/400x400?text=Image1\\\",\\\"https:\\\\/\\\\/via.placeholder.com\\\\/400x400?text=Image2\\\"]\"',5,4.5,353,'Thermaltake','\"{\\\"Brand\\\":\\\"Thermaltake\\\",\\\"Warranty\\\":\\\"1 Year\\\",\\\"Condition\\\":\\\"New\\\"}\"',1,1,'2025-11-25 11:41:58','2025-11-25 11:41:58'),(144,14,'Corsair iCUE H150i Elite LCD','corsair-icue-h150i-elite-lcd','High-quality Corsair iCUE H150i Elite LCD from Corsair. Perfect for your gaming or professional setup.',289.99,269.99,'https://assets.corsair.com/image/upload/c_pad,q_auto,h_1024,w_1024,f_auto/products/Liquid-Cooling/CW-9060062-WW/Gallery/Common/H150i_ELITE_LCD_RENDER_01.webp','\"[\\\"https:\\\\/\\\\/via.placeholder.com\\\\/400x400?text=Image1\\\",\\\"https:\\\\/\\\\/via.placeholder.com\\\\/400x400?text=Image2\\\"]\"',9,4.2,254,'Corsair','\"{\\\"Brand\\\":\\\"Corsair\\\",\\\"Warranty\\\":\\\"1 Year\\\",\\\"Condition\\\":\\\"New\\\"}\"',1,1,'2025-11-25 11:41:58','2025-11-25 11:41:58'),(145,14,'NZXT Kraken X63 280mm AIO','nzxt-kraken-x63-280mm-aio','High-quality NZXT Kraken X63 280mm AIO from NZXT. Perfect for your gaming or professional setup.',149.99,NULL,'https://www.avadirect.com/Pictures/500/14707436_5.png','\"[\\\"https:\\\\/\\\\/via.placeholder.com\\\\/400x400?text=Image1\\\",\\\"https:\\\\/\\\\/via.placeholder.com\\\\/400x400?text=Image2\\\"]\"',14,4.7,348,'NZXT','\"{\\\"Brand\\\":\\\"NZXT\\\",\\\"Warranty\\\":\\\"1 Year\\\",\\\"Condition\\\":\\\"New\\\"}\"',0,1,'2025-11-25 11:41:58','2025-11-25 11:41:58'),(146,14,'Noctua NH-D15 Air Cooler','noctua-nh-d15-air-cooler','High-quality Noctua NH-D15 Air Cooler from Noctua. Perfect for your gaming or professional setup.',99.99,89.99,'https://www.noctua.at/_next/image?url=https%3A%2F%2Fcdn.noctua.at%2Fmedia%2Fnh_d15_chromax_black_2.png&w=3840&q=75','\"[\\\"https:\\\\/\\\\/via.placeholder.com\\\\/400x400?text=Image1\\\",\\\"https:\\\\/\\\\/via.placeholder.com\\\\/400x400?text=Image2\\\"]\"',24,4.3,294,'Noctua','\"{\\\"Brand\\\":\\\"Noctua\\\",\\\"Warranty\\\":\\\"1 Year\\\",\\\"Condition\\\":\\\"New\\\"}\"',1,1,'2025-11-25 11:41:58','2026-05-19 06:07:57'),(147,14,'be quiet! Dark Rock Pro 4','be-quiet-dark-rock-pro-4','High-quality be quiet! Dark Rock Pro 4 from be quiet!. Perfect for your gaming or professional setup.',89.99,NULL,'https://www.opus101proaudio.com/wp-content/uploads/2021/03/bequiet-Dark-Rock-Pro-4.png','\"[\\\"https:\\\\/\\\\/via.placeholder.com\\\\/400x400?text=Image1\\\",\\\"https:\\\\/\\\\/via.placeholder.com\\\\/400x400?text=Image2\\\"]\"',31,3.6,490,'be quiet!','\"{\\\"Brand\\\":\\\"be quiet!\\\",\\\"Warranty\\\":\\\"1 Year\\\",\\\"Condition\\\":\\\"New\\\"}\"',0,1,'2025-11-25 11:41:58','2025-11-25 11:41:58'),(148,14,'Arctic Liquid Freezer II 360','arctic-liquid-freezer-ii-360','High-quality Arctic Liquid Freezer II 360 from Arctic. Perfect for your gaming or professional setup.',119.99,109.99,'https://www.arctic.de/media/9b/24/e1/1583752715/Liquid_Freezer_II_360_G00.png','\"[\\\"https:\\\\/\\\\/via.placeholder.com\\\\/400x400?text=Image1\\\",\\\"https:\\\\/\\\\/via.placeholder.com\\\\/400x400?text=Image2\\\"]\"',10,4.6,479,'Arctic','\"{\\\"Brand\\\":\\\"Arctic\\\",\\\"Warranty\\\":\\\"1 Year\\\",\\\"Condition\\\":\\\"New\\\"}\"',1,1,'2025-11-25 11:41:58','2025-11-25 11:41:58'),(149,14,'Cooler Master Hyper 212 RGB','cooler-master-hyper-212-rgb','High-quality Cooler Master Hyper 212 RGB from Cooler Master. Perfect for your gaming or professional setup.',44.99,NULL,'https://www.mtech.am/assets/images/19/1973c3_Cooler-Master-Hyper-212-RGB3.png','\"[\\\"https:\\\\/\\\\/via.placeholder.com\\\\/400x400?text=Image1\\\",\\\"https:\\\\/\\\\/via.placeholder.com\\\\/400x400?text=Image2\\\"]\"',44,3.9,138,'Cooler Master','\"{\\\"Brand\\\":\\\"Cooler Master\\\",\\\"Warranty\\\":\\\"1 Year\\\",\\\"Condition\\\":\\\"New\\\"}\"',0,1,'2025-11-25 11:41:58','2025-11-25 11:41:58'),(150,14,'Lian Li Galahad 240mm AIO','lian-li-galahad-240mm-aio','High-quality Lian Li Galahad 240mm AIO from Lian Li. Perfect for your gaming or professional setup.',129.99,119.99,'https://mindtech.ae/wp-content/uploads/galahad-240-black.webp','\"[\\\"https:\\\\/\\\\/via.placeholder.com\\\\/400x400?text=Image1\\\",\\\"https:\\\\/\\\\/via.placeholder.com\\\\/400x400?text=Image2\\\"]\"',35,4.2,218,'Lian Li','\"{\\\"Brand\\\":\\\"Lian Li\\\",\\\"Warranty\\\":\\\"1 Year\\\",\\\"Condition\\\":\\\"New\\\"}\"',0,1,'2025-11-25 11:41:58','2025-11-25 11:41:58'),(151,14,'Thermaltake Floe RC 360mm AIO','thermaltake-floe-rc-360mm-aio','High-quality Thermaltake Floe RC 360mm AIO from Thermaltake. Perfect for your gaming or professional setup.',149.99,NULL,'https://i0.wp.com/pcbuilders.lk/wp-content/uploads/2024/09/image-removebg-preview-54.png?fit=500%2C500&ssl=1','\"[\\\"https:\\\\/\\\\/via.placeholder.com\\\\/400x400?text=Image1\\\",\\\"https:\\\\/\\\\/via.placeholder.com\\\\/400x400?text=Image2\\\"]\"',7,4.8,79,'Thermaltake','\"{\\\"Brand\\\":\\\"Thermaltake\\\",\\\"Warranty\\\":\\\"1 Year\\\",\\\"Condition\\\":\\\"New\\\"}\"',1,1,'2025-11-25 11:41:58','2025-11-25 11:41:58'),(152,1,'MSI GV72 8RE','msi-gv72-8re','Portatīvais dators Portatīvais dators MSI GV72 8RE 17.3',1499.00,1200.00,'https://asset.msi.com/resize/image/global/product/product_5_20180212154130_5a81452a7bd87.png62405b38c58fe0f07fcef2367d8a9ba1/1024.png',NULL,39,0.0,0,'MSI','\"{\\n  \\\"Memory\\\": \\\"DDR4-2400 / DDR4-2666, Max 32GB, 2 Slots\\\",\\n  \\\"CPU\\\": \\\"Up to 8th Gen. Intel® Core™ i7 Processor\\\",\\n  \\\"OS\\\": \\\"Windows 10 Pro / Windows 10 Home\\\",\\n  \\\"Display\\\": \\\"17.3\\\\\\\" FHD (1920x1080)\\\",\\n  \\\"Chipset\\\": \\\"Intel® HM370\\\",\\n  \\\"Battery\\\": \\\"6-Cell 41Wh\\\",\\n  \\\"Graphics\\\": \\\"GeForce® GTX 1060 with 3GB GDDR5\\\",\\n  \\\"Storage Capability\\\": \\\"1x M.2 SSD Combo (NVMe PCIe Gen3 / SATA), 1x 2.5\\\\\\\" SATA HDD\\\",\\n  \\\"Webcam\\\": \\\"HD type (30fps@720p)\\\",\\n  \\\"Audio\\\": \\\"4x 2W Speaker\\\",\\n  \\\"Keyboard\\\": \\\"Single Backlit Keyboard (Red)\\\",\\n  \\\"Communication\\\": \\\"Gb LAN, 802.11 ac Wi-Fi + Bluetooth v5\\\",\\n  \\\"Audio Jack\\\": \\\"1x Mic-in, 1x Headphone-out (SPDIF)\\\",\\n  \\\"I/O Ports\\\": \\\"1x Type-C USB3.1 Gen2, 1x Type-A USB3.1 Gen1, 1x Type-A USB3.1 Gen2, 1x Type-A USB2.0, 1x SD (XC/HC) Card Reader, 1x HDMI™ 2.1 (4K @ 60Hz), 1x Mini-DisplayPort\\\",\\n  \\\"Dimension\\\": \\\"419.9 x 287.8 x 29.8~32 mm (WxDxH)\\\",\\n  \\\"Weight\\\": \\\"2.8 kg (w/ Battery)\\\"\\n}\"',0,1,'2025-12-08 11:40:36','2026-05-18 06:30:32');
/*!40000 ALTER TABLE `products` ENABLE KEYS */;
UNLOCK TABLES;

--
-- Table structure for table `reviews`
--

DROP TABLE IF EXISTS `reviews`;
/*!40101 SET @saved_cs_client     = @@character_set_client */;
/*!50503 SET character_set_client = utf8mb4 */;
CREATE TABLE `reviews` (
  `id` bigint unsigned NOT NULL AUTO_INCREMENT,
  `user_id` bigint unsigned NOT NULL,
  `product_id` bigint unsigned NOT NULL,
  `rating` int NOT NULL DEFAULT '5',
  `comment` text COLLATE utf8mb4_unicode_ci,
  `created_at` timestamp NULL DEFAULT NULL,
  `updated_at` timestamp NULL DEFAULT NULL,
  PRIMARY KEY (`id`),
  KEY `reviews_product_id_foreign` (`product_id`),
  KEY `reviews_user_id_product_id_index` (`user_id`,`product_id`),
  CONSTRAINT `reviews_product_id_foreign` FOREIGN KEY (`product_id`) REFERENCES `products` (`id`) ON DELETE CASCADE,
  CONSTRAINT `reviews_user_id_foreign` FOREIGN KEY (`user_id`) REFERENCES `users` (`id`) ON DELETE CASCADE
) ENGINE=InnoDB AUTO_INCREMENT=5 DEFAULT CHARSET=utf8mb4 COLLATE=utf8mb4_unicode_ci;
/*!40101 SET character_set_client = @saved_cs_client */;

--
-- Dumping data for table `reviews`
--

LOCK TABLES `reviews` WRITE;
/*!40000 ALTER TABLE `reviews` DISABLE KEYS */;
INSERT INTO `reviews` VALUES (1,1,2,5,'veryy good!!','2025-11-27 07:36:01','2025-11-27 07:36:01'),(2,1,2,1,'not good!!','2025-11-27 07:36:08','2025-11-27 07:36:08'),(3,3,2,5,'very nice product, i recommend it to everyone!!','2025-11-27 07:36:53','2025-11-27 07:36:53'),(4,3,2,5,'veryy good!!!!!','2026-02-25 07:08:17','2026-02-25 07:08:17');
/*!40000 ALTER TABLE `reviews` ENABLE KEYS */;
UNLOCK TABLES;

--
-- Table structure for table `sessions`
--

DROP TABLE IF EXISTS `sessions`;
/*!40101 SET @saved_cs_client     = @@character_set_client */;
/*!50503 SET character_set_client = utf8mb4 */;
CREATE TABLE `sessions` (
  `id` varchar(255) COLLATE utf8mb4_unicode_ci NOT NULL,
  `user_id` bigint unsigned DEFAULT NULL,
  `ip_address` varchar(45) COLLATE utf8mb4_unicode_ci DEFAULT NULL,
  `user_agent` text COLLATE utf8mb4_unicode_ci,
  `payload` longtext COLLATE utf8mb4_unicode_ci NOT NULL,
  `last_activity` int NOT NULL,
  PRIMARY KEY (`id`),
  KEY `sessions_user_id_index` (`user_id`),
  KEY `sessions_last_activity_index` (`last_activity`)
) ENGINE=InnoDB DEFAULT CHARSET=utf8mb4 COLLATE=utf8mb4_unicode_ci;
/*!40101 SET character_set_client = @saved_cs_client */;

--
-- Dumping data for table `sessions`
--

LOCK TABLES `sessions` WRITE;
/*!40000 ALTER TABLE `sessions` DISABLE KEYS */;
/*!40000 ALTER TABLE `sessions` ENABLE KEYS */;
UNLOCK TABLES;

--
-- Table structure for table `users`
--

DROP TABLE IF EXISTS `users`;
/*!40101 SET @saved_cs_client     = @@character_set_client */;
/*!50503 SET character_set_client = utf8mb4 */;
CREATE TABLE `users` (
  `id` bigint unsigned NOT NULL AUTO_INCREMENT,
  `name` varchar(255) COLLATE utf8mb4_unicode_ci NOT NULL,
  `email` varchar(255) COLLATE utf8mb4_unicode_ci NOT NULL,
  `is_admin` tinyint(1) NOT NULL DEFAULT '0',
  `email_verified_at` timestamp NULL DEFAULT NULL,
  `password` varchar(255) COLLATE utf8mb4_unicode_ci NOT NULL,
  `remember_token` varchar(100) COLLATE utf8mb4_unicode_ci DEFAULT NULL,
  `created_at` timestamp NULL DEFAULT NULL,
  `updated_at` timestamp NULL DEFAULT NULL,
  PRIMARY KEY (`id`),
  UNIQUE KEY `users_email_unique` (`email`)
) ENGINE=InnoDB AUTO_INCREMENT=4 DEFAULT CHARSET=utf8mb4 COLLATE=utf8mb4_unicode_ci;
/*!40101 SET character_set_client = @saved_cs_client */;

--
-- Dumping data for table `users`
--

LOCK TABLES `users` WRITE;
/*!40000 ALTER TABLE `users` DISABLE KEYS */;
INSERT INTO `users` VALUES (1,'Marsels','ziedinsmarsels@gmail.com',0,NULL,'$2y$12$V8YvbYXVzsyNANbwv.VeGuCA2t8fJ5uGFFubYBWz8mxx5xUvB2cDy','XvtZ0jDfqHHu4gaMLYzT34K2tVtPyOka61gA2J7ZwCyAcfeBRnzDpO8YcCMC','2025-11-25 11:53:40','2026-02-25 07:06:46'),(2,'Admin','admin@technorics.com',1,NULL,'$2y$12$sWZxI5AdLaaCQsUY0yr2gee.lNeb2sEZddl1tfAZCCGwT/Kb.ZICi',NULL,'2025-11-25 12:20:32','2026-02-25 07:11:22'),(3,'Marselo','mz@gmail.com',0,NULL,'$2y$12$1znFCf.tGXCa3i/jUGkeXuKBkkqABqdvW0Ugt085spfUDa57Otw2m',NULL,'2025-11-26 06:46:24','2025-11-26 06:46:24');
/*!40000 ALTER TABLE `users` ENABLE KEYS */;
UNLOCK TABLES;

--
-- Table structure for table `wishlist`
--

DROP TABLE IF EXISTS `wishlist`;
/*!40101 SET @saved_cs_client     = @@character_set_client */;
/*!50503 SET character_set_client = utf8mb4 */;
CREATE TABLE `wishlist` (
  `id` bigint unsigned NOT NULL AUTO_INCREMENT,
  `user_id` bigint unsigned NOT NULL,
  `product_id` bigint unsigned NOT NULL,
  `created_at` timestamp NULL DEFAULT NULL,
  `updated_at` timestamp NULL DEFAULT NULL,
  PRIMARY KEY (`id`),
  UNIQUE KEY `wishlist_user_id_product_id_unique` (`user_id`,`product_id`),
  KEY `wishlist_product_id_foreign` (`product_id`),
  CONSTRAINT `wishlist_product_id_foreign` FOREIGN KEY (`product_id`) REFERENCES `products` (`id`) ON DELETE CASCADE,
  CONSTRAINT `wishlist_user_id_foreign` FOREIGN KEY (`user_id`) REFERENCES `users` (`id`) ON DELETE CASCADE
) ENGINE=InnoDB AUTO_INCREMENT=3 DEFAULT CHARSET=utf8mb4 COLLATE=utf8mb4_unicode_ci;
/*!40101 SET character_set_client = @saved_cs_client */;

--
-- Dumping data for table `wishlist`
--

LOCK TABLES `wishlist` WRITE;
/*!40000 ALTER TABLE `wishlist` DISABLE KEYS */;
INSERT INTO `wishlist` VALUES (1,1,2,'2025-11-25 12:02:19','2025-11-25 12:02:19'),(2,3,2,'2025-11-26 14:07:21','2025-11-26 14:07:21');
/*!40000 ALTER TABLE `wishlist` ENABLE KEYS */;
UNLOCK TABLES;
SET @@SESSION.SQL_LOG_BIN = @MYSQLDUMP_TEMP_LOG_BIN;
/*!40103 SET TIME_ZONE=@OLD_TIME_ZONE */;

/*!40101 SET SQL_MODE=@OLD_SQL_MODE */;
/*!40014 SET FOREIGN_KEY_CHECKS=@OLD_FOREIGN_KEY_CHECKS */;
/*!40014 SET UNIQUE_CHECKS=@OLD_UNIQUE_CHECKS */;
/*!40101 SET CHARACTER_SET_CLIENT=@OLD_CHARACTER_SET_CLIENT */;
/*!40101 SET CHARACTER_SET_RESULTS=@OLD_CHARACTER_SET_RESULTS */;
/*!40101 SET COLLATION_CONNECTION=@OLD_COLLATION_CONNECTION */;
/*!40111 SET SQL_NOTES=@OLD_SQL_NOTES */;

-- Dump completed on 2026-06-14 11:26:28
